Vehicle_Model,Mileage,Maintenance_History,Reported_Issues,Vehicle_Age,Fuel_Type,Transmission_Type,Odometer_Reading,Tire_Condition,Brake_Condition,Battery_Status,Insurance_Premium,Need_Maintenance
Honda Civic,29.8,average,6,1,Petrol,Automatic,102442,new,bad,bad,2494.75,1
Nissan Altima,17.8,average,10,13,Electric,Manual,95181,new,bad,good,898.61,1
BMW 3 Series,34.8,average,1,4,Petrol,Manual,152582,good,bad,new,1177.66,1
Ford F-150,28,poor,1,3,Petrol,Manual,42958,good,new,new,1359.36,1
Toyota Corolla,20.5,good,9,9,Electric,Manual,98045,bad,new,bad,972.74,1
Mazda CX-5,18.9,poor,5,4,Diesel,Manual,144236,new,new,new,1950.61,1
Volkswagen Jetta,33.7,good,8,6,Electric,Automatic,135755,new,bad,good,2178.38,0
Nissan Altima,32,good,8,10,Electric,Automatic,22241,bad,bad,bad,1438.35,0
Toyota Corolla,32.3,poor,0,13,Petrol,Manual,199619,new,good,bad,1345.82,0
Nissan Altima,20.5,poor,5,9,Petrol,Automatic,186886,good,new,bad,2315.26,0
Mazda CX-5,23.8,good,4,8,Electric,Automatic,194764,bad,good,new,2368.4,1
Hyundai Sonata,26.6,poor,4,1,Diesel,Manual,165234,good,bad,new,1439.87,1
Mazda CX-5,27.4,poor,3,8,Petrol,Manual,132239,bad,new,bad,1524.53,0
Volkswagen Jetta,27,poor,1,15,Electric,Manual,44612,good,good,new,1248.49,1
Ford F-150,28.4,poor,4,3,Diesel,Automatic,134038,bad,good,new,2341.78,1
Toyota Corolla,30.8,good,8,15,Diesel,Automatic,92823,bad,new,good,1877.99,1
Honda Civic,26.7,good,2,1,Diesel,Manual,109716,new,new,new,2108.46,1
Honda Civic,11.6,poor,4,6,Diesel,Automatic,167857,good,bad,bad,1178.14,0
BMW 3 Series,25,poor,4,8,Electric,Manual,82510,new,new,bad,1503.3,1
Hyundai Sonata,15.8,poor,6,7,Diesel,Automatic,179367,bad,new,new,2436.68,0
Chevrolet Malibu,29.8,average,10,9,Electric,Automatic,196415,new,bad,good,1981.9,0
BMW 3 Series,33,average,1,14,Diesel,Manual,40874,good,good,new,1165.97,0
Chevrolet Malibu,23.6,poor,4,3,Petrol,Manual,85799,new,bad,good,1431.19,1
Ford F-150,14.9,poor,4,8,Petrol,Manual,179133,bad,bad,new,1326.99,0
Kia Optima,17.9,average,10,4,Petrol,Automatic,138300,new,new,new,2249.9,1
Honda Civic,18.1,average,8,12,Diesel,Automatic,149886,new,good,bad,2383.37,0
Kia Optima,27.9,good,0,9,Diesel,Manual,116028,good,bad,new,1687.63,1
Volkswagen Jetta,12.5,poor,8,5,Electric,Automatic,194964,bad,bad,good,1613.67,1
Kia Optima,11.9,poor,2,9,Petrol,Manual,89148,bad,good,good,1242.23,1
Volkswagen Jetta,30.4,good,9,15,Electric,Automatic,67846,bad,good,bad,2276.45,0
Toyota Corolla,14.9,average,6,11,Petrol,Automatic,46258,bad,bad,new,887.46,0
Chevrolet Malibu,31.8,good,1,1,Petrol,Manual,145000,new,good,bad,1084.05,1
Ford F-150,29.4,poor,1,15,Electric,Automatic,25150,good,new,bad,1833.7,0
Mazda CX-5,21.3,poor,8,3,Electric,Automatic,189489,new,new,new,1828.53,0
Ford F-150,13.7,average,2,5,Electric,Automatic,145758,new,good,good,2189.63,0
BMW 3 Series,18.1,average,9,7,Diesel,Manual,85075,bad,good,new,1999.52,1
Volkswagen Jetta,32.1,poor,9,11,Diesel,Manual,102301,bad,new,good,1367.25,0
Ford F-150,31.5,poor,9,15,Diesel,Manual,78921,good,good,good,1337.09,0
Nissan Altima,26.5,poor,4,5,Diesel,Automatic,65201,new,good,bad,1223.4,1
Honda Civic,17,average,5,4,Electric,Manual,189835,new,bad,bad,2489.79,1
Honda Civic,23.2,good,8,5,Petrol,Manual,59536,new,bad,new,1142.09,0
Kia Optima,29.9,average,4,2,Diesel,Automatic,78614,bad,good,good,1322.93,0
BMW 3 Series,20.6,poor,7,5,Petrol,Automatic,36213,bad,bad,good,1678.4,0
Volkswagen Jetta,26.1,poor,10,12,Diesel,Manual,101140,good,good,new,2100.96,0
Kia Optima,15.4,average,5,9,Petrol,Automatic,176128,good,bad,good,1673.88,1
Honda Civic,32.5,poor,5,6,Electric,Automatic,189627,new,bad,new,1171.09,0
Chevrolet Malibu,12.3,average,10,11,Petrol,Automatic,105086,new,good,new,1059.89,0
Nissan Altima,26.4,good,3,5,Electric,Manual,43919,good,good,good,1892.05,1
Volkswagen Jetta,31.1,average,7,9,Diesel,Automatic,133779,bad,new,good,2380.13,1
Nissan Altima,15.7,good,2,6,Diesel,Automatic,191665,new,new,good,1656.64,0
Chevrolet Malibu,18.8,good,3,4,Electric,Automatic,110633,bad,new,good,1050.69,0
Volkswagen Jetta,20.8,average,5,9,Electric,Manual,27939,bad,bad,bad,1794.09,0
Mazda CX-5,10.6,average,5,7,Diesel,Manual,94280,good,new,new,1714.63,0
Ford F-150,27.7,average,9,11,Petrol,Automatic,194889,good,bad,good,1133.27,1
BMW 3 Series,30.8,poor,8,7,Diesel,Manual,150438,good,new,good,1183.49,1
Nissan Altima,30.3,poor,10,8,Petrol,Automatic,168452,new,new,good,1232.93,0
Chevrolet Malibu,29,average,5,7,Electric,Automatic,89822,new,good,new,1501.52,0
Chevrolet Malibu,23.6,poor,4,7,Petrol,Automatic,197893,bad,good,good,1429.85,1
Nissan Altima,12.2,average,4,4,Diesel,Automatic,81604,new,good,good,1836.2,0
Kia Optima,11.2,average,0,7,Petrol,Automatic,42255,bad,new,good,1819.33,0
Ford F-150,24.4,poor,6,12,Petrol,Automatic,177575,good,bad,good,2271.73,0
Honda Civic,28.5,good,7,11,Diesel,Automatic,173027,bad,bad,new,2201.24,0
Hyundai Sonata,14.6,poor,10,15,Diesel,Automatic,143272,good,new,bad,2040.15,1
BMW 3 Series,18,average,2,6,Diesel,Automatic,137772,good,new,bad,1054.37,0
Chevrolet Malibu,22.2,good,4,6,Petrol,Manual,121194,good,bad,bad,1992.66,0
Mazda CX-5,30,poor,8,13,Petrol,Manual,127563,good,new,new,1457.82,1
Kia Optima,33.5,average,2,10,Diesel,Manual,23433,bad,bad,bad,2095.53,0
Honda Civic,34.6,average,5,6,Diesel,Manual,148638,new,good,good,1040.21,1
Volkswagen Jetta,29.5,good,1,4,Diesel,Manual,198326,new,new,new,1643.95,0
Chevrolet Malibu,22.2,average,8,6,Diesel,Automatic,100148,new,bad,good,1834.13,1
Kia Optima,22,poor,7,8,Electric,Automatic,87081,good,good,new,1845.69,0
Mazda CX-5,25.2,poor,1,9,Diesel,Manual,72818,good,bad,new,2451.03,0
Honda Civic,17.3,average,7,7,Diesel,Automatic,51180,bad,bad,new,1584.83,1
Hyundai Sonata,31,poor,5,9,Petrol,Manual,21260,new,good,bad,2044.43,0
Mazda CX-5,11.4,good,1,5,Petrol,Manual,111180,new,good,bad,1051.95,0
Kia Optima,12.2,good,6,11,Electric,Automatic,30175,new,new,bad,1516.47,0
Mazda CX-5,32.3,average,10,13,Electric,Automatic,151242,bad,bad,new,2370.46,0
Volkswagen Jetta,16.8,average,10,9,Petrol,Manual,80969,bad,new,new,1046.96,1
BMW 3 Series,20.5,good,4,3,Diesel,Manual,173786,new,new,good,835.3,1
Ford F-150,14.7,poor,6,12,Diesel,Manual,60244,good,new,bad,1295.5,0
Nissan Altima,11.7,good,9,6,Petrol,Automatic,165106,new,bad,bad,835.55,0
Toyota Corolla,25.9,good,6,8,Electric,Automatic,120100,bad,new,good,1721.2,1
Volkswagen Jetta,25.6,average,6,14,Electric,Automatic,46379,bad,bad,new,2232.91,1
Nissan Altima,22.8,poor,6,11,Petrol,Manual,191201,bad,bad,good,2251.78,1
Volkswagen Jetta,29.5,average,9,5,Diesel,Automatic,126453,good,new,bad,2135.12,0
Kia Optima,23.9,poor,10,11,Petrol,Automatic,54419,new,new,good,1951.57,1
Hyundai Sonata,11,good,5,3,Diesel,Automatic,53897,bad,bad,good,1925.31,0
BMW 3 Series,29.5,good,9,12,Electric,Manual,38061,good,good,good,1700.7,0
Hyundai Sonata,16.9,average,6,12,Diesel,Manual,20039,new,new,good,1716.59,1
Hyundai Sonata,28.7,poor,3,5,Electric,Manual,102734,bad,bad,new,1499.92,1
Mazda CX-5,32,poor,8,4,Petrol,Manual,142359,good,new,good,2216.47,0
Toyota Corolla,28.4,good,6,10,Diesel,Automatic,152427,good,bad,bad,1884.74,0
Ford F-150,31.3,poor,0,13,Petrol,Manual,39697,good,new,bad,1155.5,0
Mazda CX-5,18.3,good,1,3,Petrol,Manual,172769,bad,new,new,990.53,1
Hyundai Sonata,15.5,average,8,4,Diesel,Automatic,160804,new,bad,new,1766.84,0
Toyota Corolla,27,poor,0,15,Electric,Automatic,183431,good,new,bad,1452.35,1
Mazda CX-5,18.1,good,1,11,Electric,Automatic,81221,new,new,new,1242.36,0
Ford F-150,11.8,average,4,2,Diesel,Automatic,172745,bad,good,bad,1374.39,0
Kia Optima,15.5,good,10,5,Petrol,Automatic,121501,new,new,good,2447.49,0
Honda Civic,16.5,poor,7,13,Electric,Manual,119045,good,new,bad,1677.57,1
Nissan Altima,33,good,0,7,Diesel,Manual,164264,bad,bad,bad,1741.58,0
Volkswagen Jetta,23.1,good,8,10,Electric,Manual,68761,new,new,good,1968.54,0
Chevrolet Malibu,15.7,good,0,7,Electric,Automatic,130068,new,good,bad,1066.01,1
Nissan Altima,32.7,poor,0,6,Diesel,Manual,129550,good,new,bad,1635.63,0
BMW 3 Series,29.9,good,10,12,Diesel,Automatic,43770,new,new,new,1896.44,1
BMW 3 Series,26.6,good,9,14,Electric,Automatic,144591,bad,new,good,2184.68,1
Mazda CX-5,28.9,average,2,3,Electric,Manual,25912,new,good,good,1758.26,1
BMW 3 Series,27.2,good,3,2,Petrol,Automatic,81480,good,new,bad,1335.58,1
Kia Optima,21.6,average,5,9,Diesel,Manual,90349,good,good,good,1640.71,1
Kia Optima,21.3,good,1,8,Petrol,Automatic,106376,good,good,new,1550.3,1
Toyota Corolla,25.4,poor,7,3,Petrol,Automatic,72284,bad,good,good,1305.7,1
Volkswagen Jetta,30.2,poor,1,13,Electric,Automatic,186885,good,good,good,1522.39,0
Mazda CX-5,34.1,average,6,15,Diesel,Manual,77536,good,new,good,1625.4,0
Ford F-150,28.9,poor,7,7,Petrol,Manual,84674,new,bad,new,1408.88,0
Volkswagen Jetta,29.4,good,8,5,Petrol,Automatic,110934,bad,bad,good,1439.84,1
Volkswagen Jetta,13.2,average,2,3,Electric,Manual,49798,good,bad,bad,2380.63,0
Chevrolet Malibu,18.2,poor,9,3,Electric,Automatic,170217,bad,good,bad,1250.02,1
Honda Civic,25,average,3,4,Diesel,Manual,174520,good,bad,bad,1073.91,1
Volkswagen Jetta,12.4,poor,3,8,Petrol,Manual,39933,new,bad,new,916.88,1
Volkswagen Jetta,10.4,good,10,8,Electric,Automatic,35244,good,new,bad,1665.31,0
Honda Civic,29.4,good,2,2,Diesel,Manual,72399,new,new,new,1609.74,0
Kia Optima,29.9,poor,7,11,Diesel,Automatic,94740,new,bad,bad,1705.82,1
Toyota Corolla,21.2,average,2,9,Diesel,Manual,35154,good,new,new,960.46,0
Kia Optima,25.4,good,8,12,Diesel,Manual,113669,bad,good,good,2285.13,1
Toyota Corolla,20.2,poor,3,12,Electric,Automatic,79786,new,bad,new,2074.21,1
Volkswagen Jetta,17.4,poor,7,8,Diesel,Manual,63767,bad,good,new,1243.4,1
BMW 3 Series,26.2,average,0,4,Diesel,Manual,97725,bad,bad,bad,1341.06,1
Honda Civic,16.2,good,0,9,Electric,Automatic,63367,new,new,good,2203.33,1
Mazda CX-5,27,average,0,13,Electric,Automatic,170493,new,new,bad,1137.71,0
Toyota Corolla,10.6,good,3,2,Electric,Automatic,58896,bad,good,new,1160.1,0
Ford F-150,26.4,average,7,10,Diesel,Automatic,162168,bad,good,good,1985.44,0
Kia Optima,12.1,average,9,1,Petrol,Automatic,182773,new,bad,new,1486.15,1
Volkswagen Jetta,15.8,average,8,4,Electric,Automatic,124881,bad,bad,bad,1261.45,0
Volkswagen Jetta,33.5,average,5,3,Diesel,Manual,174619,new,new,new,1808.61,1
Honda Civic,33.3,poor,8,14,Petrol,Automatic,22523,good,bad,bad,834.54,0
Chevrolet Malibu,32.2,poor,7,7,Diesel,Automatic,187519,good,new,new,2000.65,1
Hyundai Sonata,22,average,9,12,Petrol,Automatic,142064,new,good,bad,1152.36,0
Mazda CX-5,27.9,average,6,4,Electric,Manual,104713,new,new,bad,1150.3,1
Ford F-150,26.8,good,6,9,Electric,Manual,156917,good,good,new,1515.88,1
Honda Civic,21.4,average,0,15,Petrol,Automatic,189062,new,good,bad,1344.9,1
Honda Civic,18.2,good,0,1,Diesel,Manual,96333,good,bad,good,1236.31,1
Toyota Corolla,25.4,good,3,9,Diesel,Automatic,185329,bad,bad,good,1446.48,0
Chevrolet Malibu,29.6,good,1,8,Diesel,Manual,22959,new,bad,bad,1686.11,1
Ford F-150,21.3,average,7,15,Petrol,Automatic,21460,bad,good,new,2143.31,1
Volkswagen Jetta,33.1,good,0,10,Electric,Automatic,193265,bad,bad,new,1587.08,1
Mazda CX-5,18.8,good,10,3,Diesel,Automatic,103996,bad,good,bad,1354.52,1
Volkswagen Jetta,22.9,good,6,1,Electric,Manual,21353,good,new,new,2400.4,1
Hyundai Sonata,18,average,1,4,Petrol,Manual,34307,good,bad,new,2337.65,0
Volkswagen Jetta,10.3,poor,7,13,Diesel,Automatic,146582,bad,good,new,1663.79,1
Volkswagen Jetta,16.5,average,8,15,Electric,Automatic,117374,bad,new,good,1711.77,0
Chevrolet Malibu,11.7,good,1,14,Electric,Manual,137030,bad,new,good,1457.39,1
BMW 3 Series,19.7,poor,6,8,Electric,Manual,118070,good,bad,bad,1931.76,0
Kia Optima,24.9,good,5,13,Petrol,Automatic,197458,good,new,new,1975.06,0
Hyundai Sonata,25.1,average,2,7,Electric,Automatic,178090,bad,new,good,2117.31,1
Volkswagen Jetta,18.1,good,3,5,Diesel,Manual,131026,new,new,new,2045.95,0
Toyota Corolla,14.4,average,2,7,Diesel,Manual,31755,bad,bad,good,1541.13,1
Ford F-150,15.1,poor,9,10,Petrol,Automatic,45148,new,bad,good,1661.01,1
Honda Civic,25.3,average,7,12,Electric,Automatic,52903,new,new,bad,1689.61,0
Honda Civic,26.2,poor,5,12,Petrol,Manual,164323,bad,bad,good,1316.81,1
Toyota Corolla,20,poor,0,1,Electric,Automatic,108565,new,new,bad,1682.37,1
Toyota Corolla,12.5,good,9,2,Petrol,Automatic,144528,good,good,good,953.32,1
BMW 3 Series,12.4,average,4,14,Electric,Manual,70607,good,good,good,1119.72,0
Hyundai Sonata,34.9,good,4,6,Electric,Manual,23090,good,good,bad,1926.8,1
Volkswagen Jetta,28.8,average,7,10,Diesel,Manual,39101,good,good,good,2298.09,1
BMW 3 Series,31,average,5,4,Electric,Automatic,174892,good,bad,new,1091.12,1
Chevrolet Malibu,16.8,good,2,8,Electric,Automatic,85812,good,new,new,1617.54,1
Volkswagen Jetta,30.3,poor,9,12,Diesel,Automatic,186190,good,bad,bad,2044.1,1
Honda Civic,10.5,average,3,3,Petrol,Automatic,116960,good,bad,new,2012.84,0
Mazda CX-5,11.2,average,9,4,Petrol,Automatic,106337,new,new,bad,1738.84,1
Ford F-150,24.5,good,0,5,Electric,Manual,73782,bad,new,bad,914.42,1
Mazda CX-5,17.8,average,3,15,Electric,Automatic,51814,bad,new,new,2313.51,1
Chevrolet Malibu,28.9,average,2,14,Diesel,Manual,121503,new,bad,bad,1621.56,0
BMW 3 Series,26.7,poor,9,7,Electric,Manual,160727,good,bad,bad,1098.61,1
Nissan Altima,22,average,2,2,Petrol,Manual,100177,good,bad,good,1158.58,1
Hyundai Sonata,24.8,good,8,4,Petrol,Automatic,180308,good,good,bad,2121.6,1
Chevrolet Malibu,30.5,poor,7,15,Diesel,Manual,114118,bad,new,good,1220.81,1
Toyota Corolla,18.8,average,5,9,Electric,Automatic,119788,new,good,good,1385.07,1
Ford F-150,13.2,poor,6,11,Diesel,Automatic,139112,bad,good,new,1597.47,0
Honda Civic,21,good,10,9,Petrol,Manual,105088,bad,new,bad,1920.32,0
Toyota Corolla,29,average,0,9,Diesel,Manual,62285,bad,new,good,1489.08,0
Honda Civic,30.4,poor,9,3,Electric,Manual,98277,new,good,new,1813.94,1
Ford F-150,19.3,poor,3,2,Diesel,Manual,72697,new,new,bad,1350.25,0
Honda Civic,15.3,average,7,11,Petrol,Automatic,54246,good,bad,bad,1426.36,0
BMW 3 Series,18.5,poor,4,11,Petrol,Manual,177960,bad,new,good,2014.93,0
Volkswagen Jetta,23.8,good,9,13,Petrol,Automatic,78383,new,new,good,2045.1,1
Toyota Corolla,33,good,2,15,Electric,Automatic,74286,good,bad,new,1736.04,1
BMW 3 Series,31.1,poor,0,15,Petrol,Automatic,34664,bad,good,bad,1473.72,1
Ford F-150,15.6,poor,1,15,Diesel,Automatic,76786,good,bad,good,1320.19,1
Ford F-150,27.4,good,7,7,Electric,Automatic,23033,new,new,new,1708.86,0
Toyota Corolla,18.8,good,8,7,Electric,Automatic,179104,bad,good,new,1411.58,0
Mazda CX-5,24.9,average,0,7,Electric,Manual,37389,good,good,bad,2195.33,0
Hyundai Sonata,22,poor,0,5,Electric,Manual,178798,new,good,bad,814.72,0
Toyota Corolla,18.5,good,8,9,Petrol,Automatic,80644,new,good,bad,1081.98,1
Hyundai Sonata,30,good,5,11,Petrol,Manual,175408,new,good,bad,2433.68,1
Mazda CX-5,31.5,average,9,2,Electric,Automatic,53372,new,good,new,2321.04,1
Mazda CX-5,18.8,average,6,9,Diesel,Automatic,85156,new,bad,bad,1726.22,1
Ford F-150,11,good,0,14,Petrol,Automatic,56483,good,bad,good,1809.44,1
Kia Optima,25.9,poor,8,15,Electric,Manual,73403,bad,good,new,2023.21,0
Hyundai Sonata,34.4,good,10,13,Petrol,Automatic,29074,bad,new,new,820.01,0
Mazda CX-5,10.9,poor,6,3,Petrol,Automatic,133912,new,bad,good,1335.72,1
BMW 3 Series,30.9,good,4,5,Diesel,Automatic,178397,good,bad,bad,2093.85,0
Honda Civic,29.7,poor,0,15,Petrol,Automatic,75045,bad,bad,good,1415.97,0
Hyundai Sonata,18,poor,0,9,Electric,Automatic,88185,bad,bad,new,946.89,1
Kia Optima,22.4,good,6,5,Petrol,Manual,84102,good,good,good,2418.62,0
Toyota Corolla,18.2,poor,10,10,Electric,Automatic,93222,good,good,new,1305.68,1
Volkswagen Jetta,27.3,average,7,15,Electric,Automatic,101761,good,bad,good,2299.2,0
Ford F-150,28.4,good,2,5,Petrol,Manual,169255,new,bad,good,1832.94,1
Hyundai Sonata,12.3,good,6,11,Diesel,Automatic,181088,bad,new,new,2095.15,1
BMW 3 Series,18.5,average,0,8,Diesel,Manual,37579,bad,good,bad,2146.83,0
Nissan Altima,26.9,good,1,9,Petrol,Manual,140663,new,bad,bad,1479.78,1
Chevrolet Malibu,25.4,average,6,4,Electric,Automatic,170323,bad,bad,new,1969.65,1
Nissan Altima,21.6,good,7,11,Diesel,Manual,43377,bad,new,bad,1086.97,1
Toyota Corolla,22.3,average,2,5,Diesel,Automatic,190086,new,new,good,1830.38,0
Toyota Corolla,20,average,2,9,Petrol,Automatic,158913,new,bad,bad,1562.96,1
Hyundai Sonata,18.2,poor,7,1,Electric,Manual,194657,bad,bad,bad,2488.86,0
Kia Optima,20.5,average,8,3,Electric,Automatic,44544,bad,new,bad,2156.94,0
Ford F-150,17.4,average,1,9,Petrol,Automatic,43230,bad,bad,new,2121.48,1
Hyundai Sonata,29.9,poor,2,6,Petrol,Automatic,59503,new,good,bad,1865.88,0
Mazda CX-5,34.4,poor,6,13,Diesel,Automatic,74357,bad,bad,bad,1126.35,1
Ford F-150,33.9,average,6,15,Diesel,Automatic,161595,good,bad,good,1510.87,0
Hyundai Sonata,33.1,average,5,6,Diesel,Manual,137383,new,good,new,2045.52,0
Honda Civic,30.2,good,2,5,Electric,Automatic,141788,good,good,new,2151.01,1
BMW 3 Series,19.2,good,7,10,Electric,Manual,151917,good,new,good,1556.54,1
Kia Optima,33.8,good,2,11,Diesel,Manual,162225,good,good,good,1665.98,0
Toyota Corolla,26.9,poor,6,9,Diesel,Automatic,110258,bad,new,good,1482.21,1
Kia Optima,13.5,good,6,10,Petrol,Manual,156159,good,new,new,854.08,0
Volkswagen Jetta,25.8,average,1,12,Petrol,Automatic,158885,bad,bad,bad,969.54,1
Volkswagen Jetta,23.2,poor,4,15,Petrol,Manual,107600,new,good,bad,1455.76,1
Honda Civic,27.2,average,0,11,Diesel,Manual,91594,good,new,new,1100.9,0
Ford F-150,28.4,average,5,3,Diesel,Automatic,119620,good,good,good,2312.16,0
Nissan Altima,11,poor,5,5,Electric,Automatic,59321,bad,bad,bad,2462.6,1
BMW 3 Series,22,good,1,3,Petrol,Automatic,42868,new,good,good,1040.27,0
Honda Civic,34.1,average,4,2,Diesel,Manual,34481,good,new,bad,1200.35,0
Honda Civic,26.6,good,7,2,Diesel,Manual,146441,bad,bad,new,1513.49,1
Hyundai Sonata,21.1,poor,5,5,Electric,Manual,178619,good,good,good,1971.09,0
Kia Optima,29.4,poor,3,15,Diesel,Manual,148330,new,bad,bad,2269.71,1
Kia Optima,22.4,average,3,2,Diesel,Manual,52973,good,new,new,1366.12,0
BMW 3 Series,18.6,poor,10,14,Petrol,Manual,32672,good,bad,bad,1472.21,1
Hyundai Sonata,25,poor,4,2,Electric,Automatic,61674,new,bad,bad,1836,0
Toyota Corolla,32.1,good,0,15,Diesel,Automatic,80994,new,new,bad,2075.91,1
Kia Optima,16.3,average,6,14,Diesel,Automatic,42650,good,bad,good,1166.73,1
Ford F-150,14.1,average,6,1,Diesel,Automatic,106820,bad,bad,bad,1604.86,0
BMW 3 Series,18.5,good,0,12,Diesel,Manual,195504,new,bad,good,2449.55,0
Nissan Altima,22.2,poor,6,5,Diesel,Manual,156181,new,good,good,832.5,0
Chevrolet Malibu,21.2,average,8,15,Diesel,Automatic,68975,new,bad,new,1956.96,1
Kia Optima,28.6,good,6,11,Petrol,Automatic,169471,bad,new,bad,1246.6,1
Honda Civic,16,good,5,6,Electric,Manual,178792,bad,good,new,1116.25,0
Honda Civic,19,poor,5,8,Diesel,Automatic,148903,bad,new,new,2455.7,0
Kia Optima,23.9,poor,8,7,Electric,Automatic,34650,good,bad,new,2240.58,0
Hyundai Sonata,32.5,average,2,8,Electric,Automatic,111766,new,new,bad,1489.96,0
BMW 3 Series,24.2,average,4,9,Electric,Manual,93876,good,new,good,2050.79,0
Honda Civic,18.7,average,10,9,Diesel,Manual,24220,bad,good,good,2076.74,0
Honda Civic,26,poor,10,13,Petrol,Manual,196742,good,new,new,872.83,1
Volkswagen Jetta,34,poor,4,2,Petrol,Manual,95958,good,good,new,1615.72,0
Honda Civic,14,average,7,15,Electric,Automatic,141816,good,good,new,1651.42,1
Nissan Altima,24,good,4,3,Electric,Manual,48239,good,good,new,1957.69,1
BMW 3 Series,25.7,average,2,8,Diesel,Automatic,127617,new,bad,good,1219.45,1
Ford F-150,34.1,good,8,2,Petrol,Manual,53975,new,bad,good,1203.57,0
Volkswagen Jetta,26.9,good,6,11,Diesel,Manual,189039,new,new,good,1071.83,0
Ford F-150,29,average,8,10,Electric,Manual,78807,bad,good,new,1499.15,0
Kia Optima,10.2,average,5,8,Petrol,Automatic,197199,bad,new,new,1564.64,1
Ford F-150,21.1,poor,1,14,Diesel,Automatic,20483,good,bad,new,2062.7,0
Chevrolet Malibu,30.8,average,5,3,Petrol,Manual,192460,new,good,new,1352.78,1
Mazda CX-5,11.7,poor,5,13,Diesel,Automatic,178793,bad,good,bad,1054.32,1
Volkswagen Jetta,15.9,good,6,10,Electric,Automatic,182112,bad,bad,new,1090.58,1
Nissan Altima,32.6,average,9,14,Electric,Automatic,69352,new,bad,new,1093.99,0
Chevrolet Malibu,29.7,good,4,7,Petrol,Manual,158117,good,bad,new,898.61,1
Toyota Corolla,23.9,poor,2,4,Diesel,Automatic,109033,new,good,good,2166.06,0
Volkswagen Jetta,18.5,poor,6,14,Electric,Manual,115134,good,new,new,1808.44,0
Kia Optima,32.5,good,2,5,Petrol,Manual,38471,bad,bad,good,1945.89,1
Mazda CX-5,19.6,average,10,8,Electric,Automatic,131697,new,good,bad,2126.11,1
Ford F-150,23,poor,10,14,Electric,Automatic,184891,bad,new,new,1867.04,0
Toyota Corolla,21.6,good,10,12,Diesel,Automatic,58609,good,new,good,2296.15,0
Honda Civic,17.5,poor,4,6,Petrol,Manual,184695,good,good,new,1765.19,1
Toyota Corolla,10.3,good,10,1,Petrol,Automatic,44670,good,good,new,868.22,1
Kia Optima,32.7,good,9,1,Electric,Manual,193041,good,bad,new,1797.7,1
Chevrolet Malibu,23.8,poor,6,3,Electric,Manual,73700,good,bad,good,2457.32,0
Kia Optima,27.1,poor,7,10,Diesel,Automatic,77585,bad,bad,bad,2312.42,1
Hyundai Sonata,18.6,poor,0,13,Diesel,Automatic,115085,good,bad,new,1534.8,1
Chevrolet Malibu,32.5,average,6,7,Electric,Automatic,192923,new,good,good,2428.77,0
BMW 3 Series,23.7,poor,5,10,Electric,Manual,116097,bad,bad,bad,1489.04,1
Volkswagen Jetta,29.5,good,0,5,Electric,Manual,30121,good,bad,new,1013.73,1
Nissan Altima,30.3,good,9,6,Electric,Manual,36673,good,bad,bad,815.02,0
Mazda CX-5,10.6,average,9,14,Diesel,Manual,44162,good,new,new,989.91,0
Chevrolet Malibu,23.2,good,4,15,Electric,Automatic,67655,good,good,good,2030.6,1
Toyota Corolla,14.8,poor,2,9,Diesel,Manual,137224,bad,bad,new,1019.84,1
Nissan Altima,12.7,poor,3,13,Petrol,Manual,101752,bad,new,bad,1499.29,0
Hyundai Sonata,18.2,good,6,1,Electric,Automatic,83073,new,bad,good,2371.93,0
Mazda CX-5,21.9,average,7,13,Electric,Manual,102484,good,good,new,1964.18,0
Toyota Corolla,25.3,poor,4,14,Electric,Manual,81446,new,new,good,1217.8,1
Chevrolet Malibu,11,average,8,2,Diesel,Manual,108598,bad,good,bad,2466.9,1
Hyundai Sonata,14.8,poor,7,8,Electric,Automatic,76654,good,new,new,2304.95,1
Toyota Corolla,12.4,average,1,14,Electric,Manual,188985,bad,new,bad,1503.85,1
Honda Civic,32.2,average,5,3,Petrol,Automatic,38726,bad,good,good,2160.86,0
Hyundai Sonata,14,poor,2,12,Petrol,Manual,121124,bad,new,bad,1767.37,1
Hyundai Sonata,18.9,poor,6,7,Diesel,Manual,191899,good,good,new,1050.27,0
Nissan Altima,34.2,average,1,10,Electric,Manual,109056,bad,bad,bad,814.3,0
Toyota Corolla,29.8,average,1,6,Petrol,Automatic,75880,good,good,new,1507.37,0
Chevrolet Malibu,17.7,poor,3,4,Petrol,Manual,66824,bad,new,bad,1887.32,0
Volkswagen Jetta,34.6,average,4,2,Petrol,Manual,58111,new,new,good,1497.83,1
Ford F-150,26.8,average,2,3,Petrol,Automatic,175117,new,new,new,1149.65,1
Nissan Altima,34.7,good,7,9,Electric,Automatic,24916,new,good,bad,2079.25,0
Honda Civic,13.2,poor,7,14,Petrol,Automatic,101065,new,good,bad,2012.3,1
Hyundai Sonata,17.8,good,1,3,Petrol,Manual,117784,bad,good,bad,2267.52,1
Honda Civic,34.4,average,1,7,Diesel,Automatic,57297,new,good,bad,986.84,1
Kia Optima,28.4,average,4,13,Electric,Automatic,198583,good,bad,new,1001.62,1
Chevrolet Malibu,24.5,poor,2,10,Diesel,Automatic,108503,good,new,bad,2493.5,0
Toyota Corolla,10.6,poor,3,12,Diesel,Automatic,182283,good,new,good,2194.27,0
Mazda CX-5,14.3,good,3,10,Electric,Manual,186397,new,bad,new,1115.04,1
Mazda CX-5,34.2,poor,2,6,Electric,Manual,87251,new,bad,bad,1750.5,1
Toyota Corolla,15.5,good,10,15,Electric,Automatic,96355,bad,bad,bad,2020.88,0
Toyota Corolla,22.2,poor,0,4,Electric,Automatic,25040,good,good,new,832.87,1
Nissan Altima,23.5,average,3,12,Electric,Automatic,50974,bad,new,new,1398.29,0
Honda Civic,29.5,good,2,14,Electric,Automatic,41887,bad,bad,new,1804.94,0
Nissan Altima,22.2,good,9,4,Diesel,Manual,138881,new,good,bad,1931.37,1
Toyota Corolla,14.3,poor,5,10,Petrol,Automatic,78121,new,bad,new,2063.15,1
Honda Civic,16.6,good,2,14,Diesel,Manual,106497,bad,bad,good,818.16,0
Volkswagen Jetta,12.7,poor,8,3,Electric,Manual,40837,bad,bad,good,2475.19,0
Volkswagen Jetta,12.5,poor,9,13,Diesel,Manual,94330,good,new,bad,2086.05,1
Ford F-150,18.4,poor,9,4,Electric,Manual,181810,new,new,new,2166.33,1
BMW 3 Series,31.8,average,4,4,Electric,Automatic,43983,good,new,new,2096.26,1
Chevrolet Malibu,31.3,good,1,10,Electric,Manual,191352,good,bad,good,2058.81,1
Volkswagen Jetta,13.9,poor,2,15,Electric,Automatic,29192,bad,bad,good,1168.13,0
BMW 3 Series,20.1,good,1,1,Electric,Automatic,58771,bad,new,new,1159.08,0
Nissan Altima,19.5,poor,2,1,Petrol,Automatic,39199,good,good,good,810.92,0
Volkswagen Jetta,24.8,average,1,2,Diesel,Automatic,77962,new,good,bad,1182.51,1
Honda Civic,33.8,average,0,12,Electric,Manual,120689,new,bad,bad,1701.92,0
Honda Civic,13.6,average,0,5,Diesel,Manual,83100,bad,bad,bad,1402.86,1
Kia Optima,24.4,average,10,1,Electric,Automatic,115462,good,bad,new,1125.02,1
Kia Optima,32.5,poor,3,13,Diesel,Manual,110599,new,bad,good,2206.17,0
Nissan Altima,11.8,good,2,6,Diesel,Manual,176844,new,new,good,1738.17,1
Mazda CX-5,30.2,good,9,2,Petrol,Manual,99195,new,new,bad,1122.2,1
Mazda CX-5,23.4,poor,10,2,Electric,Automatic,113909,good,new,bad,2352.05,1
Nissan Altima,29.1,good,8,13,Electric,Automatic,112018,bad,good,bad,1672.93,1
Kia Optima,26.7,poor,4,15,Diesel,Automatic,167860,good,bad,bad,1871.72,0
Kia Optima,21.9,good,1,1,Petrol,Automatic,95211,good,bad,new,2242.38,0
Volkswagen Jetta,11.8,good,5,15,Diesel,Automatic,72302,new,bad,new,1820.38,0
Ford F-150,32.6,good,10,11,Petrol,Automatic,121707,new,good,new,2031.26,1
Nissan Altima,15.4,poor,5,3,Petrol,Manual,93647,good,good,new,1797.01,1
Volkswagen Jetta,14.7,good,6,7,Diesel,Automatic,33728,good,good,good,1913.53,0
Nissan Altima,23.1,poor,2,13,Electric,Automatic,104940,good,new,bad,1117.61,1
Chevrolet Malibu,33.6,average,3,8,Petrol,Automatic,171265,bad,good,good,2470.33,1
BMW 3 Series,33.7,poor,2,8,Petrol,Manual,180175,good,good,new,974.89,0
BMW 3 Series,14.8,average,0,13,Electric,Manual,191303,good,good,bad,2040.85,1
BMW 3 Series,11.7,average,4,8,Electric,Manual,163888,bad,good,good,1201.59,1
Honda Civic,16.8,average,7,5,Electric,Automatic,112276,bad,bad,bad,1943.65,0
Honda Civic,14.9,average,6,13,Electric,Manual,161314,bad,bad,good,1823.77,1
Chevrolet Malibu,15.7,poor,4,13,Diesel,Manual,108408,good,good,new,1226.51,1
Toyota Corolla,22.2,average,6,2,Diesel,Manual,127114,good,new,bad,1585.8,1
Chevrolet Malibu,11.7,average,0,5,Electric,Automatic,108414,new,good,new,1470.64,1
BMW 3 Series,30.8,average,6,6,Electric,Automatic,172285,good,good,new,1368.46,0
Ford F-150,14.3,average,10,3,Petrol,Manual,166925,good,good,new,981.99,1
Volkswagen Jetta,24.1,average,5,6,Petrol,Manual,141378,new,good,good,819.04,0
Chevrolet Malibu,22.7,poor,5,6,Petrol,Automatic,111263,new,new,new,1923.69,1
Ford F-150,32.4,poor,3,13,Petrol,Manual,121531,good,bad,new,1009.6,0
Toyota Corolla,13.2,good,4,15,Electric,Automatic,39875,good,new,new,2391.18,0
Hyundai Sonata,14.3,good,0,7,Diesel,Manual,174100,good,bad,new,2487.89,1
BMW 3 Series,17.1,poor,7,2,Diesel,Automatic,49651,new,bad,good,1363.26,0
Kia Optima,22.4,poor,1,12,Diesel,Automatic,35194,good,good,bad,885.82,0
Chevrolet Malibu,17.7,average,6,2,Diesel,Automatic,142826,bad,good,good,1614.2,1
Ford F-150,25.7,average,4,9,Petrol,Manual,24143,new,new,new,1327.81,1
Volkswagen Jetta,22.4,average,1,13,Electric,Automatic,108170,good,good,new,2014.52,0
Nissan Altima,22.8,average,5,12,Electric,Automatic,192631,bad,bad,new,1753.41,0
Nissan Altima,32.9,poor,9,14,Diesel,Automatic,92385,bad,bad,bad,1354.71,1
Honda Civic,33.4,average,10,2,Diesel,Automatic,82541,good,new,new,1285.16,0
Ford F-150,13.8,good,8,8,Petrol,Manual,132323,new,bad,new,1754.83,1
Chevrolet Malibu,32.4,poor,7,14,Diesel,Manual,38800,new,bad,new,2316.51,1
Mazda CX-5,16.1,average,6,3,Diesel,Automatic,164682,bad,bad,good,1328.85,1
Chevrolet Malibu,26.3,good,0,15,Diesel,Manual,147324,good,good,bad,1111.77,0
Ford F-150,33.4,poor,0,12,Diesel,Automatic,80481,new,bad,new,921.02,0
Hyundai Sonata,27.3,average,4,13,Diesel,Automatic,128536,new,good,new,2210.04,0
Hyundai Sonata,34.2,average,8,12,Electric,Manual,47087,bad,new,bad,852.21,0
Kia Optima,26.4,good,8,6,Diesel,Manual,156630,new,new,new,2197.26,1
Toyota Corolla,16.5,poor,5,12,Diesel,Automatic,69894,new,bad,bad,1094.49,0
Toyota Corolla,12.1,good,7,4,Electric,Automatic,154096,good,new,new,1176.57,0
Nissan Altima,22.3,average,6,1,Electric,Manual,68771,bad,bad,good,1410.34,1
Ford F-150,15.5,good,7,4,Petrol,Manual,103697,good,new,good,2097.63,0
Honda Civic,33.6,poor,4,10,Electric,Manual,39733,new,bad,good,1557.47,0
Honda Civic,29.1,average,9,5,Petrol,Manual,131515,new,new,bad,1004.57,1
Toyota Corolla,30.9,good,2,1,Electric,Manual,44733,bad,good,good,1448.05,1
Chevrolet Malibu,22.3,good,10,2,Electric,Automatic,140242,bad,good,bad,1208.32,0
Nissan Altima,19.7,poor,0,2,Diesel,Manual,187919,good,good,bad,2121.61,1
Nissan Altima,32.2,average,1,15,Diesel,Manual,63271,new,bad,new,1338.89,0
Chevrolet Malibu,13.3,poor,6,11,Electric,Manual,194276,new,good,new,2497.28,0
BMW 3 Series,34.6,good,9,7,Electric,Automatic,116712,good,good,new,1645.62,1
BMW 3 Series,25.1,good,10,10,Diesel,Automatic,183499,good,bad,bad,1624,1
Ford F-150,30.2,good,3,3,Diesel,Automatic,23712,good,good,good,2105.74,1
Hyundai Sonata,23.3,poor,10,12,Electric,Automatic,126992,bad,new,new,2244.07,1
Chevrolet Malibu,18.5,good,7,3,Petrol,Automatic,111757,new,bad,good,1767.33,0
Nissan Altima,24.3,poor,8,1,Diesel,Automatic,77217,bad,bad,bad,2033.17,1
Mazda CX-5,29.5,average,8,2,Diesel,Manual,66200,bad,bad,new,1959.78,0
Honda Civic,24.6,average,2,2,Electric,Automatic,22546,good,bad,good,1622.9,0
Toyota Corolla,27.6,poor,3,7,Electric,Automatic,25334,bad,good,good,926.42,0
BMW 3 Series,12.8,good,9,4,Diesel,Manual,136513,new,good,bad,1436.15,1
Ford F-150,10.1,good,6,4,Petrol,Manual,195330,bad,new,bad,1669.55,0
Mazda CX-5,17.6,good,0,1,Electric,Manual,109729,new,new,good,1585.84,1
Volkswagen Jetta,22.5,good,8,2,Electric,Automatic,78493,good,good,good,2043.84,1
Honda Civic,23.4,poor,8,3,Diesel,Manual,48957,bad,good,new,2317.11,1
BMW 3 Series,34.7,good,1,15,Diesel,Manual,105679,good,good,new,1396.09,1
BMW 3 Series,32.4,poor,0,1,Petrol,Automatic,199095,new,bad,good,1781.38,1
Honda Civic,24.5,average,3,8,Diesel,Automatic,62597,good,new,bad,1593.29,1
Toyota Corolla,30.5,poor,0,15,Petrol,Manual,78785,good,good,new,1189.6,1
Mazda CX-5,30.3,poor,9,11,Electric,Automatic,125693,new,new,new,2121.27,1
BMW 3 Series,25.2,poor,10,6,Diesel,Automatic,129359,new,good,good,1693.07,0
Ford F-150,21.8,average,7,10,Petrol,Automatic,140836,bad,good,good,1965.61,1
BMW 3 Series,13.8,poor,7,1,Electric,Automatic,132307,new,good,new,2486.78,0
Kia Optima,15.5,good,2,5,Electric,Automatic,67393,bad,bad,good,1193.52,0
Toyota Corolla,11.2,good,0,9,Petrol,Automatic,84885,good,new,good,1187.45,0
Toyota Corolla,28.9,good,4,3,Electric,Manual,191267,new,new,good,1246.9,0
Kia Optima,23.8,good,9,15,Diesel,Manual,138665,bad,good,bad,1237.59,0
Hyundai Sonata,10.7,good,6,9,Diesel,Manual,148766,bad,new,good,1648.54,1
Nissan Altima,19,average,6,9,Petrol,Automatic,29618,new,good,good,1426.14,0
Volkswagen Jetta,27.2,poor,6,10,Diesel,Manual,37421,new,bad,good,2352.05,0
Hyundai Sonata,19.3,average,6,13,Petrol,Manual,54432,good,bad,good,1092.6,1
Volkswagen Jetta,30.4,poor,3,11,Electric,Automatic,156469,good,bad,good,1609.6,0
Mazda CX-5,14.7,average,4,6,Electric,Automatic,53812,bad,good,good,1039.21,0
Toyota Corolla,13.4,poor,8,2,Petrol,Manual,154082,bad,good,new,1237.26,1
Ford F-150,33.4,poor,5,11,Diesel,Manual,178236,bad,bad,new,2143.36,1
Volkswagen Jetta,18,poor,0,8,Diesel,Automatic,39750,new,bad,bad,816.6,0
Kia Optima,15,good,2,4,Diesel,Manual,69623,bad,new,new,1112.94,0
Chevrolet Malibu,18.2,average,0,13,Petrol,Manual,29151,good,good,new,1076.5,1
Kia Optima,27.9,good,8,2,Diesel,Manual,107396,new,new,bad,1103.94,0
Toyota Corolla,31.1,poor,2,10,Diesel,Manual,141616,good,bad,new,1629.27,1
Kia Optima,10.7,good,2,8,Electric,Manual,42721,new,new,good,2196.89,1
Chevrolet Malibu,25.6,poor,1,9,Electric,Automatic,71436,bad,new,bad,2016.25,1
Hyundai Sonata,22.8,poor,8,13,Electric,Automatic,192140,bad,new,good,1401.47,1
Honda Civic,26.4,average,9,9,Electric,Manual,84994,bad,good,new,944.09,0
Volkswagen Jetta,33.5,average,3,4,Petrol,Manual,165982,new,new,good,1660.46,0
Kia Optima,10.8,average,2,9,Electric,Manual,21507,new,new,good,1361.24,0
Honda Civic,11.8,average,0,15,Diesel,Manual,54426,new,bad,good,2018.56,0
Honda Civic,21.3,average,3,5,Diesel,Manual,50193,good,new,bad,1204.35,1
Nissan Altima,18.6,good,9,1,Electric,Automatic,93288,good,new,new,1260.33,0
Mazda CX-5,31.7,good,1,5,Diesel,Automatic,127348,bad,new,bad,2261,0
Kia Optima,27.9,average,9,5,Electric,Manual,64448,good,good,new,1196.46,1
Chevrolet Malibu,30.8,poor,3,12,Electric,Manual,131968,new,good,new,1866.48,1
BMW 3 Series,24.9,poor,4,11,Diesel,Automatic,89673,bad,bad,new,2425.87,1
Volkswagen Jetta,29.9,average,9,2,Petrol,Manual,113677,bad,bad,new,1650.54,1
Mazda CX-5,18.3,poor,5,6,Petrol,Manual,159452,good,good,good,1169.94,0
Hyundai Sonata,31.9,good,2,5,Diesel,Manual,29952,new,bad,bad,1896.51,0
Hyundai Sonata,20.7,poor,9,9,Petrol,Manual,79988,new,new,good,2219.46,1
BMW 3 Series,13.1,good,7,2,Petrol,Manual,98331,new,bad,bad,1698.56,0
Kia Optima,18.4,average,9,9,Diesel,Manual,173554,good,new,good,2478.89,1
Mazda CX-5,32.6,poor,9,1,Diesel,Automatic,100908,new,new,new,2058.82,0
Mazda CX-5,27.7,good,9,3,Diesel,Manual,139711,good,good,good,1726.32,0
Nissan Altima,25.4,average,7,13,Electric,Manual,49134,good,good,bad,1784.37,1
Ford F-150,20.4,good,8,7,Electric,Automatic,111372,new,good,new,1187.81,0
Mazda CX-5,11.1,good,5,10,Petrol,Automatic,102781,good,bad,bad,1364.65,0
Ford F-150,11.3,good,7,8,Diesel,Manual,159142,new,bad,new,1722.22,0
BMW 3 Series,24.7,good,7,10,Diesel,Automatic,95605,new,good,good,2120.06,1
Hyundai Sonata,21.3,poor,10,2,Petrol,Automatic,33685,bad,new,good,1589.47,1
Hyundai Sonata,20.7,poor,9,15,Electric,Manual,117409,bad,good,good,1490.76,0
Nissan Altima,23,average,9,5,Diesel,Automatic,85010,good,good,new,1171.03,1
Volkswagen Jetta,16.9,average,4,13,Electric,Manual,141950,bad,good,new,1705.42,0
Honda Civic,19.7,good,7,2,Diesel,Automatic,94521,good,new,bad,1779.63,1
Nissan Altima,32,good,5,15,Petrol,Automatic,98160,bad,bad,good,1409.33,1
Nissan Altima,20.6,poor,4,11,Petrol,Manual,164319,bad,good,new,2265.72,1
Chevrolet Malibu,11.8,average,5,9,Electric,Automatic,40418,bad,good,bad,1443.04,0
Mazda CX-5,29.6,good,8,15,Petrol,Automatic,20199,good,good,new,1035.4,0
Honda Civic,26.5,poor,2,7,Diesel,Manual,86244,good,good,bad,1302.04,1
Hyundai Sonata,16.8,poor,10,14,Electric,Manual,92210,new,new,good,2004.1,1
Mazda CX-5,15.9,poor,5,14,Diesel,Automatic,50253,new,bad,new,2461.57,0
Volkswagen Jetta,28.1,average,4,2,Petrol,Automatic,134379,good,bad,good,1320.78,0
Ford F-150,32.2,good,2,4,Electric,Automatic,162989,new,new,new,1474.99,0
Chevrolet Malibu,16.7,average,6,14,Electric,Automatic,148065,bad,bad,bad,1186.83,0
Chevrolet Malibu,26.9,good,10,9,Petrol,Automatic,60595,bad,new,good,1628.24,0
Ford F-150,20.6,average,7,9,Diesel,Manual,160157,bad,bad,bad,972.02,1
Honda Civic,29,good,6,15,Diesel,Manual,85102,good,new,bad,2412.65,1
Chevrolet Malibu,20.3,average,3,7,Petrol,Automatic,57874,new,bad,bad,1875.26,1
Mazda CX-5,29.6,good,7,11,Diesel,Automatic,93060,good,bad,new,2465.29,1
Kia Optima,28.6,average,8,7,Diesel,Manual,158893,new,bad,bad,1121.67,0
Hyundai Sonata,12.5,poor,8,3,Diesel,Manual,189668,new,bad,bad,2308.56,1
Mazda CX-5,12.6,good,4,12,Petrol,Manual,80571,new,good,good,1858.5,1
Kia Optima,19.6,average,6,6,Electric,Automatic,47265,new,bad,new,1692.41,0
Nissan Altima,16.8,average,4,1,Diesel,Automatic,92847,new,bad,good,1168.54,0
Mazda CX-5,13.1,average,8,1,Electric,Automatic,145408,good,good,new,2052.58,0
Volkswagen Jetta,27.1,good,2,6,Petrol,Manual,135702,new,bad,bad,1674.04,1
Hyundai Sonata,18.3,poor,7,11,Electric,Manual,88869,bad,new,good,1501.91,0
Toyota Corolla,31.5,poor,1,13,Diesel,Automatic,29535,new,good,bad,1107.19,1
Kia Optima,10,average,1,15,Petrol,Automatic,64943,new,new,bad,974.81,0
Chevrolet Malibu,19.9,poor,0,5,Electric,Automatic,167485,new,good,good,1459.16,0
Volkswagen Jetta,26.2,good,6,11,Diesel,Manual,173858,new,good,new,1847.57,1
Volkswagen Jetta,21.9,good,2,9,Diesel,Manual,102622,good,bad,bad,1967.05,0
Kia Optima,33.6,average,7,11,Petrol,Automatic,75616,new,bad,new,1094.41,0
Hyundai Sonata,12.6,poor,1,7,Petrol,Manual,193363,bad,new,new,1516.9,0
Honda Civic,17.2,good,10,3,Electric,Automatic,23009,good,new,new,979.84,1
Toyota Corolla,13,good,0,12,Petrol,Automatic,52702,good,new,new,2203.45,1
Toyota Corolla,23.7,good,6,5,Electric,Manual,37328,bad,good,good,2417.65,1
Toyota Corolla,13.2,poor,9,13,Electric,Automatic,142195,new,bad,new,1745.35,1
Mazda CX-5,23.8,poor,1,4,Petrol,Automatic,72529,new,bad,bad,1082.32,1
Nissan Altima,30.2,poor,2,1,Electric,Manual,156946,bad,bad,bad,1898.17,0
Volkswagen Jetta,16.4,good,9,6,Diesel,Automatic,77645,bad,bad,bad,1504.88,1
Kia Optima,29.6,poor,4,13,Diesel,Automatic,100959,new,bad,bad,1661.19,1
Volkswagen Jetta,32.6,good,5,4,Diesel,Manual,106518,good,new,new,1062.04,1
Hyundai Sonata,14.6,poor,6,14,Electric,Manual,20823,new,good,good,2488.86,1
BMW 3 Series,20.3,good,1,6,Electric,Manual,74586,new,good,new,812.09,1
BMW 3 Series,17.4,poor,4,8,Diesel,Automatic,29577,bad,good,bad,2219.2,0
Chevrolet Malibu,18.1,good,6,9,Petrol,Manual,57280,good,new,bad,1269.79,0
Honda Civic,19.5,poor,6,12,Diesel,Automatic,133385,new,good,bad,2218.31,1
Mazda CX-5,26,average,10,13,Electric,Manual,74260,new,new,good,1553.74,0
Honda Civic,20.5,average,3,8,Petrol,Automatic,60035,bad,bad,bad,939.66,0
Hyundai Sonata,15.3,average,5,3,Electric,Automatic,164797,new,bad,good,2342.43,1
Toyota Corolla,12.7,poor,5,14,Petrol,Automatic,51535,new,good,bad,1959.37,1
Hyundai Sonata,29,poor,3,13,Electric,Manual,159906,bad,good,good,2101.54,1
Honda Civic,27.9,good,5,13,Petrol,Manual,41659,bad,good,good,821.8,0
Mazda CX-5,33.4,poor,0,1,Diesel,Automatic,143936,good,new,bad,890.12,0
Chevrolet Malibu,25.2,average,9,1,Diesel,Automatic,167511,good,good,bad,2294.65,0
Mazda CX-5,27.9,poor,9,3,Diesel,Automatic,180082,bad,bad,bad,1319.05,1
Chevrolet Malibu,24.8,average,4,13,Diesel,Manual,58619,new,new,good,1021.55,0
Nissan Altima,22.6,poor,7,9,Petrol,Automatic,186451,new,good,new,1864.82,0
Nissan Altima,19.8,good,9,7,Petrol,Automatic,127952,bad,bad,good,1381.14,1
Chevrolet Malibu,11.3,good,5,13,Diesel,Automatic,48178,good,bad,bad,1033.27,1
Hyundai Sonata,26.8,good,7,10,Electric,Manual,24017,new,bad,new,1415.84,0
Hyundai Sonata,16.4,average,9,14,Diesel,Automatic,142275,new,new,bad,1255.09,0
Volkswagen Jetta,25.6,average,6,7,Petrol,Manual,22546,new,good,new,2338.41,0
Chevrolet Malibu,13.5,average,3,12,Diesel,Manual,23896,new,bad,new,1261.46,1
Ford F-150,20.4,good,1,6,Petrol,Manual,69423,bad,bad,new,1525.97,0
Toyota Corolla,19.7,good,1,8,Diesel,Automatic,124962,good,bad,bad,968.7,1
Honda Civic,12.9,average,10,15,Electric,Automatic,171112,new,good,bad,1099.66,1
Kia Optima,27.2,average,5,4,Electric,Automatic,185196,bad,good,good,1277.67,0
Honda Civic,15.8,poor,8,3,Electric,Manual,71378,good,bad,new,1251.51,1
Honda Civic,30.3,average,8,11,Electric,Automatic,129945,bad,good,new,2295.37,1
Ford F-150,26.1,poor,9,4,Electric,Automatic,175036,bad,bad,good,1089.46,1
Kia Optima,31.3,poor,6,8,Petrol,Manual,65106,good,bad,bad,1683.97,0
Nissan Altima,26.2,poor,5,6,Electric,Automatic,158768,new,bad,new,1552.78,0
Chevrolet Malibu,18.4,poor,10,14,Electric,Manual,170689,new,new,good,2369.67,1
Nissan Altima,22.4,good,6,1,Electric,Manual,162221,bad,good,bad,1985.8,1
Nissan Altima,19.8,average,9,2,Diesel,Manual,180788,good,good,bad,944.08,0
Chevrolet Malibu,17.8,poor,3,10,Petrol,Manual,179654,bad,good,good,1152.45,0
Hyundai Sonata,17.4,good,0,5,Petrol,Manual,160990,good,new,good,1971.52,0
Chevrolet Malibu,34.3,good,1,2,Diesel,Automatic,124503,good,good,new,1530.29,1
Ford F-150,18.2,good,9,8,Diesel,Manual,46639,new,new,bad,2050.75,1
Mazda CX-5,22.8,poor,8,13,Diesel,Automatic,167537,bad,new,bad,1088.39,1
Honda Civic,29.2,poor,1,12,Petrol,Manual,128901,bad,bad,good,923.15,0
Toyota Corolla,26.1,good,2,4,Electric,Automatic,149743,bad,new,bad,1949.2,0
Hyundai Sonata,11.3,good,9,5,Electric,Automatic,193538,good,good,new,2201.26,0
Mazda CX-5,28.2,good,7,1,Petrol,Automatic,63859,bad,good,new,851.13,0
Mazda CX-5,15.3,good,3,5,Petrol,Automatic,136965,bad,new,good,1635.68,0
BMW 3 Series,21.8,good,2,9,Electric,Automatic,86470,new,new,bad,1867.36,0
BMW 3 Series,26,good,5,11,Petrol,Automatic,62804,bad,bad,good,2373.33,1
Chevrolet Malibu,27.5,poor,8,13,Electric,Automatic,197071,new,bad,bad,1577.4,1
Kia Optima,21,good,6,2,Petrol,Automatic,53067,good,bad,bad,1818.37,1
Honda Civic,12.6,good,7,2,Electric,Automatic,125000,new,bad,bad,810.23,1
Toyota Corolla,29.4,good,7,6,Petrol,Manual,40444,new,bad,good,2154.36,0
Mazda CX-5,24.1,poor,6,11,Petrol,Automatic,194635,new,good,good,2338,0
Toyota Corolla,18.2,good,8,3,Petrol,Automatic,130850,good,bad,bad,2138.89,1
Chevrolet Malibu,19.7,good,10,10,Diesel,Manual,87525,bad,new,bad,2104.44,0
Volkswagen Jetta,11.5,poor,3,7,Diesel,Manual,70314,good,bad,bad,1437.96,0
Honda Civic,17.1,poor,0,4,Diesel,Automatic,42161,bad,good,bad,885.95,0
Hyundai Sonata,19.2,poor,3,7,Petrol,Automatic,85937,bad,good,new,1885.27,1
Honda Civic,10.1,poor,5,1,Diesel,Manual,103112,good,good,bad,2048.06,1
Toyota Corolla,16.5,poor,2,13,Petrol,Automatic,99925,good,good,new,1035.3,0
BMW 3 Series,11.7,poor,3,10,Diesel,Automatic,75639,good,bad,good,2282.27,1
Toyota Corolla,14.6,average,1,7,Electric,Manual,168273,new,new,new,1146.88,1
Honda Civic,26.3,good,9,8,Diesel,Automatic,108448,good,good,bad,1254.2,0
Toyota Corolla,34.3,average,9,12,Diesel,Manual,91547,good,bad,good,1802.14,0
Toyota Corolla,17.1,average,9,7,Electric,Manual,28648,bad,bad,new,1148.68,0
Toyota Corolla,16.4,poor,6,10,Diesel,Manual,108028,good,bad,good,1417.09,1
Ford F-150,25.7,good,8,15,Electric,Automatic,53418,bad,bad,bad,2436.46,1
BMW 3 Series,32.5,poor,1,14,Electric,Automatic,85114,good,new,good,1618.88,0
Hyundai Sonata,21.3,average,5,9,Diesel,Manual,23721,bad,new,bad,1091.15,0
Hyundai Sonata,30.7,average,3,11,Petrol,Manual,107226,bad,new,new,1395.59,1
Kia Optima,26.6,average,1,6,Electric,Automatic,54596,bad,bad,good,910.74,1
Kia Optima,33.2,good,5,2,Petrol,Automatic,154046,good,bad,new,1959.83,1
Honda Civic,14.3,average,1,10,Electric,Manual,79963,bad,new,good,1522.13,1
Ford F-150,29.3,poor,2,12,Petrol,Manual,119712,good,good,new,1646.39,1
Honda Civic,20.4,good,8,6,Electric,Automatic,57860,good,good,good,1731.55,0
Mazda CX-5,18.8,poor,9,10,Diesel,Manual,146254,good,good,bad,2241.29,0
Toyota Corolla,21.7,good,8,1,Diesel,Manual,35585,new,bad,bad,2246.09,0
Mazda CX-5,15.3,average,4,2,Diesel,Automatic,34580,good,good,bad,2164.84,1
Nissan Altima,34.9,average,8,9,Petrol,Manual,199433,new,bad,bad,1673.8,0
Volkswagen Jetta,31.5,good,2,11,Electric,Manual,21036,good,good,bad,1743.26,1
Kia Optima,18.8,good,2,11,Electric,Automatic,54516,good,bad,bad,2256.25,1
Hyundai Sonata,32.6,average,1,2,Electric,Manual,53700,good,good,new,1711.89,1
Chevrolet Malibu,28.7,good,0,7,Petrol,Automatic,182956,bad,good,good,1296.25,0
Chevrolet Malibu,27.5,poor,9,3,Petrol,Manual,186894,good,new,new,1692.37,1
Honda Civic,33.5,good,2,3,Diesel,Automatic,35198,bad,new,bad,1985.82,0
Volkswagen Jetta,23.3,poor,1,12,Petrol,Automatic,78310,good,good,new,1127.29,1
Chevrolet Malibu,17.7,average,3,10,Electric,Automatic,147200,new,good,good,1371.97,0
Honda Civic,23.4,poor,4,10,Electric,Manual,59402,bad,bad,good,1623.34,0
Honda Civic,27.4,average,8,15,Petrol,Manual,89943,new,new,bad,843.35,1
Kia Optima,31.5,average,6,10,Electric,Automatic,30427,new,new,good,1469.01,0
Ford F-150,18.4,good,9,11,Petrol,Automatic,89829,bad,new,new,1265.85,0
Hyundai Sonata,16.3,good,0,4,Electric,Automatic,26042,new,new,bad,2478.77,0
Kia Optima,13.9,average,7,8,Electric,Automatic,40427,new,bad,good,2232.09,1
Chevrolet Malibu,21.6,good,10,4,Diesel,Automatic,162262,bad,bad,new,2275.76,0
Volkswagen Jetta,25.4,average,4,2,Petrol,Automatic,76298,bad,new,bad,810.63,1
Hyundai Sonata,14.9,poor,4,14,Petrol,Manual,140543,new,new,good,2004.49,0
Volkswagen Jetta,25.3,good,5,6,Electric,Automatic,120631,new,good,good,2259.53,1
Toyota Corolla,14.9,average,4,14,Petrol,Manual,181882,good,new,new,1593.13,1
Hyundai Sonata,12.3,average,8,5,Electric,Automatic,183710,good,bad,new,1475.24,0
Toyota Corolla,18.2,good,3,13,Diesel,Manual,165367,new,good,bad,1727.31,0
Chevrolet Malibu,18.2,good,0,3,Electric,Manual,129401,new,bad,new,2218.76,0
Mazda CX-5,14.6,average,7,13,Diesel,Manual,83123,new,bad,bad,1325.43,1
Honda Civic,13.8,good,7,11,Electric,Automatic,50735,good,good,good,1951.51,1
Mazda CX-5,31.2,good,3,15,Diesel,Manual,141112,bad,bad,new,1335.14,1
Volkswagen Jetta,31.2,good,5,15,Petrol,Manual,107466,good,new,new,918.16,1
Ford F-150,34.4,good,2,8,Electric,Manual,67968,good,good,good,2458.19,0
Honda Civic,29.7,average,2,15,Electric,Automatic,190920,bad,new,good,1946.45,1
BMW 3 Series,10.5,poor,3,13,Diesel,Manual,161074,bad,good,new,1059.46,0
BMW 3 Series,13.9,poor,5,15,Electric,Manual,152542,good,new,bad,1570.17,0
Chevrolet Malibu,11.4,good,3,12,Electric,Manual,172914,good,new,bad,1036.58,0
Honda Civic,31.2,poor,4,3,Petrol,Manual,161650,new,new,bad,1939.64,0
Nissan Altima,20.4,good,5,10,Electric,Automatic,148995,good,good,bad,1558.51,0
Mazda CX-5,17.2,good,0,4,Petrol,Manual,135970,good,bad,bad,1335.45,1
Chevrolet Malibu,26.5,poor,5,2,Diesel,Manual,143074,new,new,bad,1959.15,1
Nissan Altima,15.4,good,6,2,Petrol,Manual,108844,new,new,bad,1828.11,0
Nissan Altima,10.7,good,9,4,Petrol,Manual,33795,new,bad,new,1343.64,0
Ford F-150,19,poor,10,9,Electric,Automatic,154284,bad,good,good,1784.32,0
Ford F-150,27.8,good,5,11,Petrol,Manual,160426,good,bad,good,2170.08,0
Nissan Altima,15,poor,1,10,Petrol,Manual,197426,good,new,new,816.78,0
Hyundai Sonata,30.2,poor,9,5,Petrol,Manual,178392,new,good,good,1392.86,0
Mazda CX-5,27,good,1,10,Petrol,Manual,130100,new,bad,new,876.66,1
Chevrolet Malibu,26.7,good,2,2,Electric,Manual,164230,good,good,bad,2287.01,1
Toyota Corolla,22,average,1,8,Petrol,Manual,83275,new,bad,bad,2325.77,1
Kia Optima,28.9,good,2,11,Electric,Manual,155209,bad,bad,new,1399.27,0
Ford F-150,11.8,poor,7,9,Diesel,Manual,81702,new,good,new,877.79,1
Ford F-150,20.2,poor,6,11,Electric,Manual,82293,new,bad,new,1951.85,1
Volkswagen Jetta,24.6,average,4,14,Diesel,Automatic,142066,bad,good,bad,1147.72,1
Chevrolet Malibu,18.3,average,9,11,Petrol,Manual,190897,new,new,new,2485.61,1
Mazda CX-5,27.3,good,4,12,Petrol,Automatic,166686,new,bad,bad,803.39,1
Toyota Corolla,19.1,average,8,10,Electric,Automatic,62326,new,good,new,1074.05,0
Hyundai Sonata,12.7,good,3,9,Electric,Manual,42464,bad,good,good,1717.22,1
Ford F-150,12.4,average,3,15,Electric,Manual,162946,new,bad,good,2148.11,0
Ford F-150,23.2,poor,7,1,Electric,Automatic,99914,good,good,new,1184.95,1
Volkswagen Jetta,17.5,poor,3,8,Electric,Automatic,153473,new,good,bad,1618.22,1
Chevrolet Malibu,26.5,good,7,14,Electric,Manual,155119,good,bad,new,845.15,0
Toyota Corolla,31.1,poor,7,11,Diesel,Manual,123815,good,new,new,1426.7,0
Volkswagen Jetta,31.9,good,3,4,Petrol,Manual,185329,new,good,new,1696.66,1
Ford F-150,33,poor,2,13,Diesel,Manual,52222,good,new,bad,2040.71,1
Kia Optima,29.9,average,9,9,Electric,Manual,116339,bad,good,new,1609.44,1
Nissan Altima,14.6,poor,1,11,Diesel,Manual,151834,good,bad,good,2496.31,0
BMW 3 Series,10.1,average,8,10,Petrol,Automatic,168341,good,good,bad,1234.29,0
Mazda CX-5,11.7,average,3,14,Petrol,Automatic,182915,good,good,bad,1602.05,0
BMW 3 Series,15.2,poor,3,7,Diesel,Automatic,41463,bad,new,bad,973.46,0
Honda Civic,17,poor,5,14,Petrol,Manual,38620,bad,new,good,2092.58,0
Nissan Altima,30.8,good,5,14,Electric,Automatic,52645,bad,new,bad,1555.57,1
Chevrolet Malibu,13,poor,6,8,Petrol,Manual,20042,bad,good,bad,985.74,1
Mazda CX-5,16,poor,3,9,Electric,Manual,173645,new,bad,bad,2015.73,0
Honda Civic,34.6,poor,10,13,Diesel,Automatic,98071,bad,good,good,1335.94,1
Honda Civic,16.1,poor,9,14,Petrol,Manual,69022,good,new,new,1570.38,1
BMW 3 Series,19.6,good,9,6,Petrol,Manual,186006,good,good,new,1765.8,1
Honda Civic,19.1,average,10,9,Diesel,Automatic,132175,new,new,bad,2201.36,1
Mazda CX-5,13.8,average,0,3,Electric,Automatic,61406,good,new,bad,2030.81,0
Chevrolet Malibu,20.7,good,9,12,Petrol,Manual,50917,new,good,bad,2187.43,0
Volkswagen Jetta,11.1,poor,9,5,Petrol,Manual,157147,good,good,new,1216.23,0
Chevrolet Malibu,13.7,good,6,15,Electric,Automatic,144267,bad,good,bad,2024.92,0
Toyota Corolla,28.1,poor,1,4,Petrol,Manual,191737,good,good,bad,2004.58,0
Toyota Corolla,17.1,poor,9,6,Diesel,Automatic,194009,good,good,bad,2056.1,1
Volkswagen Jetta,13.3,average,2,6,Diesel,Manual,143836,new,good,new,2017.68,1
Ford F-150,14.7,good,1,2,Petrol,Automatic,93014,good,bad,bad,1091.04,1
Chevrolet Malibu,32.3,poor,4,14,Petrol,Manual,184255,good,new,good,1949.29,0
Volkswagen Jetta,32.4,good,5,10,Diesel,Manual,68553,new,bad,good,914.62,0
Mazda CX-5,11,poor,1,8,Petrol,Automatic,43672,bad,new,good,1198.49,1
Hyundai Sonata,34.5,good,10,2,Diesel,Automatic,176567,good,new,new,1419.1,1
Volkswagen Jetta,13.1,poor,7,8,Electric,Automatic,96932,good,bad,new,2293.29,1
Ford F-150,28.1,good,3,2,Diesel,Automatic,101231,new,good,good,2114.18,0
Honda Civic,30.4,average,2,2,Electric,Manual,103573,new,good,bad,2193.81,1
BMW 3 Series,18.7,good,3,8,Petrol,Automatic,61172,new,new,bad,1366.78,1
BMW 3 Series,11.1,poor,4,3,Electric,Automatic,99760,bad,bad,bad,1657.92,0
Kia Optima,11.8,poor,6,15,Petrol,Automatic,108912,good,good,new,881.11,0
Nissan Altima,25.2,poor,4,8,Electric,Automatic,91888,bad,good,good,1964.73,0
Chevrolet Malibu,23.5,average,1,12,Diesel,Automatic,178255,good,new,good,1969.22,1
Hyundai Sonata,19.3,good,10,6,Petrol,Automatic,27780,bad,new,good,1614.98,0
Nissan Altima,18.9,average,5,7,Petrol,Manual,96511,bad,good,good,2277.58,1
BMW 3 Series,15,average,9,12,Diesel,Manual,188706,new,bad,good,2086.92,0
Kia Optima,30.7,poor,5,5,Petrol,Manual,89047,new,bad,new,1369.69,1
BMW 3 Series,10.3,poor,4,6,Electric,Automatic,90347,new,bad,good,2433.77,1
Toyota Corolla,17.2,poor,2,6,Diesel,Automatic,162629,bad,bad,bad,1039.14,1
Volkswagen Jetta,34.4,average,4,4,Electric,Manual,182662,new,bad,good,1286.33,0
Volkswagen Jetta,18.4,average,2,12,Electric,Manual,168558,new,new,new,2360.36,0
Chevrolet Malibu,17.1,poor,0,12,Petrol,Automatic,101898,new,bad,good,920.73,0
Kia Optima,26.6,average,4,3,Diesel,Automatic,78604,new,good,good,2409.81,0
Honda Civic,24,poor,9,13,Electric,Manual,91704,new,new,new,1611,1
Nissan Altima,32.5,good,7,9,Electric,Automatic,93615,bad,bad,new,1409.25,0
BMW 3 Series,19.3,average,4,8,Diesel,Manual,69116,bad,new,bad,2195.03,1
Kia Optima,21,average,5,11,Petrol,Manual,26975,bad,good,new,1305.93,1
Hyundai Sonata,30.3,poor,8,12,Petrol,Automatic,26346,bad,good,bad,2216.45,0
BMW 3 Series,27.5,average,3,1,Electric,Manual,191008,new,good,good,1449.18,1
Volkswagen Jetta,28.6,good,7,4,Electric,Manual,94217,bad,new,new,926.32,1
Mazda CX-5,30.5,good,4,3,Electric,Manual,55405,new,good,good,1124.85,0
Toyota Corolla,25.5,poor,5,2,Diesel,Manual,177722,bad,new,bad,2134.96,1
Nissan Altima,29.6,average,4,1,Diesel,Manual,136249,good,bad,bad,1894.21,0
Toyota Corolla,23.5,average,1,8,Petrol,Automatic,115903,new,new,new,2210.9,0
Toyota Corolla,29.7,average,10,8,Petrol,Automatic,109024,new,bad,bad,2096.09,1
Toyota Corolla,11.1,good,3,12,Electric,Manual,54551,bad,good,bad,1223.68,1
Chevrolet Malibu,13.4,poor,3,2,Petrol,Manual,33840,new,good,new,1564.64,0
Nissan Altima,23,average,1,2,Electric,Automatic,21712,new,new,new,1836.12,1
Kia Optima,14.9,good,3,1,Diesel,Automatic,72473,good,bad,good,2265.88,0
Volkswagen Jetta,15.8,average,2,4,Petrol,Manual,64034,bad,new,new,1874.51,1
BMW 3 Series,31.2,good,4,15,Electric,Manual,63877,good,new,good,1789.32,0
Mazda CX-5,16.1,good,0,1,Diesel,Manual,124137,new,new,new,1772.12,1
Honda Civic,17.9,average,9,1,Electric,Manual,70549,bad,good,good,1445.73,0
Chevrolet Malibu,32.1,poor,6,12,Petrol,Automatic,71124,good,new,new,2312.11,0
BMW 3 Series,15.2,good,10,6,Petrol,Automatic,164456,good,bad,bad,1283.16,1
Ford F-150,12.5,poor,0,1,Petrol,Manual,119542,good,good,good,2421.2,0
Chevrolet Malibu,18.1,good,6,6,Electric,Manual,35231,new,new,bad,1420.7,1
Hyundai Sonata,26.8,poor,2,1,Electric,Automatic,191530,bad,new,good,1110.17,1
Chevrolet Malibu,16.3,average,5,10,Diesel,Automatic,83734,bad,bad,bad,919.09,1
Hyundai Sonata,25.4,good,8,10,Diesel,Automatic,90235,new,new,new,1732.91,0
Hyundai Sonata,11.4,good,7,13,Diesel,Manual,106788,good,good,bad,2347.15,0
Chevrolet Malibu,18.3,good,1,6,Electric,Automatic,190598,good,new,bad,920.56,0
Volkswagen Jetta,19,poor,4,10,Petrol,Automatic,159455,good,new,bad,2319.4,0
Volkswagen Jetta,17.1,average,3,14,Electric,Automatic,83826,new,good,bad,1762.58,0
Toyota Corolla,33.3,poor,5,3,Electric,Manual,82478,new,new,new,878.39,1
Honda Civic,16,average,1,8,Diesel,Manual,95049,new,good,new,2416.18,0
Hyundai Sonata,33.3,poor,7,3,Diesel,Automatic,121916,good,bad,good,1144.93,1
Ford F-150,14.7,average,5,6,Diesel,Automatic,162894,bad,new,bad,875.78,0
Chevrolet Malibu,12.6,good,1,8,Diesel,Automatic,153005,bad,bad,bad,2354.72,1
Kia Optima,24.3,poor,6,4,Electric,Manual,173149,bad,bad,bad,1288.07,0
Ford F-150,33.3,good,9,10,Electric,Manual,109077,new,new,new,885.83,1
Mazda CX-5,31.1,poor,9,11,Electric,Manual,124586,new,new,good,2067.25,1
Chevrolet Malibu,21.9,average,8,2,Petrol,Automatic,112905,good,bad,new,2109.29,0
Kia Optima,34.4,good,7,14,Petrol,Manual,185921,good,good,bad,2492.82,0
Volkswagen Jetta,22.1,average,10,6,Electric,Manual,158185,good,new,new,2173.18,0
Nissan Altima,19.6,poor,6,8,Electric,Manual,169209,good,new,good,1080.76,0
Nissan Altima,10.2,poor,10,13,Petrol,Manual,26224,good,new,bad,1682.13,1
Kia Optima,31.7,good,9,12,Petrol,Manual,121989,bad,new,bad,1150.76,1
Honda Civic,31.1,poor,10,1,Petrol,Manual,94860,good,bad,good,2176.84,0
Volkswagen Jetta,18.2,average,9,13,Diesel,Automatic,163759,good,good,good,1771.86,1
BMW 3 Series,28.2,good,7,11,Electric,Manual,26690,good,good,good,1490.31,0
Nissan Altima,13,poor,1,9,Diesel,Automatic,64577,bad,good,good,2047.64,0
Hyundai Sonata,26.2,good,1,2,Petrol,Manual,172027,bad,good,new,2324.29,1
BMW 3 Series,32.7,good,5,1,Electric,Automatic,162500,new,bad,good,2380.88,0
Hyundai Sonata,26.3,average,9,6,Electric,Automatic,106775,good,good,good,1400.68,1
Ford F-150,22.9,good,9,13,Diesel,Manual,25285,good,good,new,1263.53,0
Kia Optima,10.6,good,1,3,Diesel,Manual,34311,new,good,good,2452.62,0
Nissan Altima,32.5,good,8,14,Petrol,Automatic,154718,bad,new,bad,1466.92,1
Kia Optima,33.1,good,9,2,Petrol,Manual,110676,bad,new,good,1650.73,1
Mazda CX-5,28.9,poor,0,13,Petrol,Manual,68866,good,new,new,2143.65,0
Volkswagen Jetta,25.7,good,7,13,Electric,Automatic,91073,good,good,good,2179.49,1
BMW 3 Series,25.4,average,7,2,Petrol,Automatic,48952,bad,new,new,2210.97,1
Toyota Corolla,25.9,average,5,1,Diesel,Automatic,74190,new,new,bad,1254.85,1
Volkswagen Jetta,29.2,poor,8,8,Diesel,Manual,80129,good,good,bad,815.92,0
Kia Optima,28.7,average,10,7,Petrol,Manual,40068,new,new,good,1986.95,1
Hyundai Sonata,29.8,average,4,9,Electric,Manual,156347,good,bad,new,819.09,1
Mazda CX-5,29.2,good,10,9,Diesel,Manual,31686,good,bad,new,1285.52,0
BMW 3 Series,28.1,good,1,14,Petrol,Automatic,159841,new,new,bad,802.43,1
Kia Optima,26.4,average,9,13,Petrol,Automatic,181062,good,good,good,1786.07,0
Mazda CX-5,24.3,average,0,13,Diesel,Automatic,186152,good,new,new,1746.27,0
Volkswagen Jetta,23.7,good,2,13,Petrol,Manual,71719,good,good,bad,1082.87,1
Nissan Altima,26,good,0,1,Petrol,Manual,69590,good,bad,good,990.52,0
Mazda CX-5,21,good,9,2,Electric,Automatic,152056,bad,good,bad,1639.61,0
Honda Civic,32.5,poor,4,5,Petrol,Manual,194504,new,bad,bad,815.61,1
Nissan Altima,26.3,poor,9,13,Electric,Manual,130538,new,bad,new,1101.92,1
Volkswagen Jetta,18.6,average,9,10,Electric,Automatic,110682,good,new,bad,1462.24,1
Kia Optima,29.4,good,10,5,Electric,Manual,197326,good,good,new,2071.95,0
Chevrolet Malibu,26.8,poor,10,6,Petrol,Automatic,36242,new,new,good,1611.04,0
Volkswagen Jetta,20.6,good,2,4,Electric,Automatic,61542,good,bad,new,1110.05,0
Chevrolet Malibu,34.5,good,10,11,Electric,Automatic,107078,bad,bad,new,2005.91,1
Chevrolet Malibu,27.6,good,8,5,Petrol,Manual,80997,good,good,good,1668.99,0
Mazda CX-5,28.2,poor,1,8,Petrol,Manual,182473,bad,bad,bad,909.44,0
Honda Civic,20.6,average,7,1,Electric,Manual,93746,new,bad,new,1798.22,1
Volkswagen Jetta,27.2,average,9,13,Electric,Automatic,152965,new,new,bad,1988.79,0
Volkswagen Jetta,31.4,average,1,15,Diesel,Manual,113283,bad,new,new,1216.46,0
Ford F-150,20.8,good,3,11,Petrol,Automatic,144986,new,good,bad,1125.26,0
Chevrolet Malibu,22.9,average,10,5,Petrol,Automatic,67371,good,bad,good,2427.99,1
BMW 3 Series,14.2,poor,8,15,Diesel,Automatic,105960,bad,new,bad,1491.99,0
BMW 3 Series,26.3,poor,2,8,Petrol,Automatic,97374,bad,bad,new,1600.98,0
Kia Optima,25.9,average,6,9,Petrol,Automatic,68666,new,new,new,981.38,0
Honda Civic,13.4,poor,5,4,Electric,Automatic,57529,new,new,bad,2013.56,1
Chevrolet Malibu,13.6,good,3,5,Diesel,Manual,190583,new,bad,bad,2489.02,1
Kia Optima,17.8,poor,2,14,Electric,Manual,171189,good,good,good,2369.51,0
Honda Civic,14.2,poor,3,12,Diesel,Automatic,69849,good,new,bad,1491.57,1
BMW 3 Series,19.8,poor,10,1,Diesel,Manual,22753,bad,bad,bad,1442.45,1
Hyundai Sonata,30.3,average,3,3,Diesel,Automatic,193837,bad,new,bad,845.23,1
Mazda CX-5,31.1,good,4,1,Diesel,Manual,51496,good,bad,good,1062.83,1
Mazda CX-5,22.1,poor,4,6,Petrol,Automatic,182334,bad,bad,bad,1560.97,1
Kia Optima,16.2,poor,9,7,Diesel,Automatic,125967,new,new,bad,1328.26,1
Kia Optima,18.2,average,7,7,Diesel,Manual,101444,bad,new,bad,1426.97,1
Toyota Corolla,14.4,poor,9,4,Diesel,Automatic,160428,good,bad,good,2421.21,1
BMW 3 Series,11.3,average,4,15,Diesel,Manual,114528,new,good,bad,1349.04,1
Honda Civic,18.1,good,4,12,Petrol,Manual,113321,new,good,new,1859.37,0
Nissan Altima,32.7,poor,10,15,Petrol,Manual,34983,new,new,new,1694.19,1
Toyota Corolla,15.5,poor,0,15,Diesel,Manual,111557,good,good,bad,1009.84,1
Volkswagen Jetta,15.3,good,6,4,Electric,Manual,130354,new,new,new,1956.16,0
Toyota Corolla,27.3,poor,3,10,Petrol,Manual,198108,new,good,good,1598.37,1
Mazda CX-5,16.1,good,1,3,Diesel,Automatic,42105,bad,new,bad,1208.44,1
Honda Civic,29.7,average,1,13,Electric,Manual,71478,good,good,new,2018.47,0
Nissan Altima,16,poor,4,12,Petrol,Automatic,39027,bad,new,good,2197.98,1
Volkswagen Jetta,17.7,average,8,9,Diesel,Automatic,87698,new,good,bad,1072.98,0
BMW 3 Series,14.4,average,1,12,Petrol,Automatic,157568,bad,new,new,1798.38,0
Honda Civic,18.6,average,8,15,Electric,Manual,170283,bad,good,good,1189.49,1
Ford F-150,20.4,good,7,3,Electric,Automatic,99481,good,bad,bad,2217.43,0
BMW 3 Series,21,poor,10,2,Diesel,Manual,52753,bad,new,bad,1525.67,1
Kia Optima,15.3,average,9,5,Diesel,Automatic,40829,new,good,new,1090.62,1
Nissan Altima,19.3,good,8,9,Diesel,Manual,50079,good,new,new,1818.72,1
Volkswagen Jetta,12.8,poor,0,14,Diesel,Automatic,57231,bad,good,bad,1292.89,0
Mazda CX-5,24.4,good,8,4,Diesel,Automatic,80673,new,good,new,1214,1
Nissan Altima,18.2,poor,1,3,Petrol,Manual,57001,good,bad,bad,852.17,0
Mazda CX-5,26.6,poor,10,1,Electric,Manual,25645,new,new,bad,2071.3,1
BMW 3 Series,19.9,poor,8,6,Diesel,Manual,108498,good,good,new,1378.88,1
Chevrolet Malibu,29.8,good,9,14,Diesel,Manual,111293,bad,bad,good,1917.06,1
Toyota Corolla,23.7,average,10,1,Petrol,Manual,68482,good,new,good,1747.36,0
Kia Optima,33,poor,6,3,Diesel,Automatic,147484,new,bad,bad,1775.34,0
Mazda CX-5,27.1,poor,5,12,Diesel,Automatic,61993,bad,good,new,2360.81,1
Volkswagen Jetta,10.8,good,9,11,Diesel,Automatic,146165,bad,good,new,2442.33,0
Volkswagen Jetta,15.8,average,6,12,Petrol,Automatic,181272,bad,bad,good,1279.29,0
Ford F-150,22.5,good,8,9,Electric,Automatic,158396,good,bad,new,1636.09,1
Mazda CX-5,19,average,0,7,Petrol,Manual,176630,bad,good,good,1228.03,1
Honda Civic,12.6,poor,0,10,Electric,Automatic,85847,bad,new,good,1285.26,0
Nissan Altima,23.2,good,0,12,Petrol,Manual,166445,good,new,good,2497.8,0
Volkswagen Jetta,18.5,poor,7,8,Diesel,Manual,36566,new,bad,good,1754.54,0
BMW 3 Series,24.4,average,0,8,Diesel,Automatic,139464,good,bad,bad,2017.67,0
Toyota Corolla,30,good,2,11,Diesel,Automatic,120321,bad,bad,new,2339.68,0
Hyundai Sonata,10.8,poor,10,6,Petrol,Automatic,52580,new,bad,good,1643.95,1
Toyota Corolla,31,good,10,15,Diesel,Automatic,54251,new,bad,bad,1359.81,1
Chevrolet Malibu,10.6,poor,3,13,Electric,Manual,167577,bad,bad,bad,1718.44,0
BMW 3 Series,34.1,good,0,7,Electric,Manual,112625,bad,good,new,1244.7,1
Hyundai Sonata,27.7,good,9,5,Electric,Automatic,39699,bad,new,bad,1005.98,0
Hyundai Sonata,15.2,average,7,6,Diesel,Automatic,151787,good,bad,good,877.45,0
Chevrolet Malibu,27.9,average,6,15,Electric,Manual,38071,good,new,new,1581.73,1
Chevrolet Malibu,28.3,poor,0,4,Petrol,Automatic,51328,good,bad,good,2091.64,0
Chevrolet Malibu,10.1,good,10,9,Diesel,Manual,87342,new,good,good,2161.17,0
Honda Civic,25.8,good,7,14,Electric,Manual,175111,new,bad,new,1985.87,0
Nissan Altima,28.2,poor,8,6,Electric,Automatic,126824,bad,good,good,837.95,1
Nissan Altima,34.8,good,3,4,Diesel,Automatic,98541,new,good,bad,2085.93,0
Nissan Altima,12.5,poor,1,10,Petrol,Manual,104628,new,new,new,1372.97,1
Hyundai Sonata,16.6,average,2,3,Petrol,Manual,79580,good,bad,good,844.3,0
Kia Optima,23.2,good,6,7,Electric,Manual,69265,good,new,bad,854.11,0
Honda Civic,15,poor,2,5,Electric,Manual,75878,bad,new,good,1880.7,0
Toyota Corolla,26.5,poor,3,15,Diesel,Automatic,146233,bad,good,good,1788.93,1
Volkswagen Jetta,32.3,poor,8,15,Electric,Manual,68869,bad,new,new,883.01,0
Ford F-150,32.8,good,3,14,Petrol,Manual,199560,new,new,new,1483.59,0
Hyundai Sonata,27.2,poor,9,14,Petrol,Automatic,75986,good,bad,bad,1362.4,0
Nissan Altima,14.1,poor,0,4,Diesel,Manual,199361,new,bad,good,2375.82,1
Toyota Corolla,11.4,poor,3,6,Diesel,Automatic,138003,new,new,bad,2288.97,0
Hyundai Sonata,25.3,poor,8,11,Electric,Manual,181338,good,new,good,1879.52,0
BMW 3 Series,25,poor,1,3,Electric,Automatic,110911,good,bad,bad,1185.51,0
Kia Optima,33.3,average,10,15,Electric,Automatic,178317,bad,bad,new,2338.44,1
Ford F-150,13.1,good,10,4,Diesel,Automatic,97846,new,good,good,2362.31,0
Honda Civic,10.9,good,1,12,Diesel,Manual,90104,new,bad,good,2194.97,0
Volkswagen Jetta,32.3,average,7,1,Electric,Automatic,165989,new,new,new,1897.66,1
Mazda CX-5,11.6,poor,7,4,Petrol,Automatic,126554,bad,bad,new,1243.73,0
Honda Civic,14.5,average,6,3,Petrol,Manual,96938,bad,good,new,2199.86,1
Kia Optima,30.5,average,8,1,Petrol,Manual,160774,good,bad,new,954.64,0
Toyota Corolla,14.6,average,1,5,Electric,Automatic,44452,bad,new,bad,2030.89,0
Kia Optima,16.5,poor,9,5,Petrol,Manual,132745,good,good,bad,2020.17,1
Toyota Corolla,31.5,average,5,12,Electric,Automatic,77592,bad,bad,bad,1980.94,1
Honda Civic,11.3,good,3,13,Diesel,Automatic,195450,new,bad,bad,2223.67,0
Chevrolet Malibu,14.8,good,8,7,Diesel,Manual,114305,good,bad,good,1263.28,1
Honda Civic,23.3,good,4,15,Petrol,Automatic,60443,bad,good,good,2328.35,0
Mazda CX-5,24.2,poor,3,4,Petrol,Manual,133556,bad,bad,good,1013.09,0
Ford F-150,13.8,good,2,4,Petrol,Manual,174858,good,good,bad,2497.52,1
Volkswagen Jetta,27.3,average,5,7,Petrol,Manual,198974,good,good,bad,1418.67,1
Ford F-150,28.9,poor,2,15,Diesel,Automatic,41184,new,new,new,1267.22,0
Honda Civic,34.4,average,0,11,Electric,Manual,50375,new,bad,good,815.63,1
Chevrolet Malibu,20.2,average,4,2,Diesel,Manual,45256,good,bad,new,2296.58,0
Nissan Altima,28.9,good,1,1,Diesel,Automatic,68020,new,new,new,1823.14,0
Mazda CX-5,23.2,good,6,9,Electric,Automatic,140306,new,new,new,1262.51,0
Honda Civic,22.4,good,1,10,Petrol,Automatic,30663,good,bad,good,2091.72,0
Honda Civic,28,good,5,8,Petrol,Automatic,79701,new,bad,new,979.24,1
Nissan Altima,18.9,good,7,11,Electric,Manual,133478,bad,new,new,2419.88,1
Nissan Altima,33.7,good,7,13,Diesel,Manual,37948,bad,good,good,885,1
Ford F-150,17.3,average,9,1,Petrol,Automatic,142219,good,bad,new,893.41,1
Honda Civic,18.9,good,6,1,Diesel,Manual,145904,good,new,bad,1225.65,0
Chevrolet Malibu,23,average,8,8,Petrol,Manual,101548,bad,bad,new,2439.19,1
Honda Civic,17.6,good,9,12,Electric,Automatic,45588,bad,new,new,1584.87,0
Kia Optima,24.5,poor,5,10,Petrol,Automatic,69141,good,new,bad,1289.08,1
Toyota Corolla,21.5,good,6,7,Diesel,Manual,187737,bad,good,new,1436.59,0
Chevrolet Malibu,25.3,average,9,11,Electric,Automatic,52556,good,good,good,1568.07,0
Toyota Corolla,10.5,average,5,9,Petrol,Manual,28119,good,bad,bad,2044.93,1
Ford F-150,16.6,poor,6,14,Electric,Manual,111943,new,bad,good,2251.99,0
Mazda CX-5,11.2,poor,5,14,Diesel,Automatic,24017,good,new,new,1130.16,1
Nissan Altima,23.6,good,2,13,Electric,Manual,148976,bad,new,good,2033.77,1
Kia Optima,31.3,average,9,12,Diesel,Manual,57752,good,good,bad,2271.18,0
Mazda CX-5,13.2,average,9,13,Diesel,Manual,168438,good,new,good,2108.56,1
Kia Optima,22.9,poor,4,14,Petrol,Manual,188115,good,good,new,1932.12,1
Chevrolet Malibu,22.4,poor,7,3,Diesel,Automatic,112409,new,new,new,1127.78,1
Hyundai Sonata,27.1,poor,10,15,Diesel,Manual,155500,good,bad,new,919.13,1
Hyundai Sonata,18,poor,1,3,Diesel,Automatic,187591,new,good,bad,1117.74,0
Chevrolet Malibu,16.1,good,5,8,Electric,Automatic,163717,bad,bad,bad,883.33,0
Volkswagen Jetta,14.6,average,9,1,Petrol,Automatic,29769,bad,bad,new,2498.36,0
Chevrolet Malibu,16.7,good,0,10,Electric,Manual,114129,bad,bad,bad,1715.87,1
Toyota Corolla,18.7,good,0,10,Electric,Automatic,102397,new,good,new,864.38,1
BMW 3 Series,11.9,average,10,10,Electric,Automatic,178294,bad,new,new,1819.62,0
Chevrolet Malibu,12.1,good,10,15,Electric,Manual,192576,new,bad,new,1589.85,1
Nissan Altima,30.1,poor,3,6,Petrol,Manual,170844,good,new,new,1236.22,0
Honda Civic,10.1,good,7,3,Petrol,Manual,161162,bad,good,good,2220.49,1
BMW 3 Series,14.3,average,5,8,Diesel,Manual,79727,new,bad,good,1541.79,0
Honda Civic,33,good,4,14,Electric,Manual,137490,new,good,bad,1532.6,0
Nissan Altima,21,average,1,9,Diesel,Automatic,51249,bad,good,good,1650.12,1
Honda Civic,18.2,poor,7,5,Electric,Automatic,75342,bad,good,good,2354.09,0
Chevrolet Malibu,14.1,average,3,11,Petrol,Automatic,80685,good,bad,good,2148.96,1
Honda Civic,10.5,good,9,9,Petrol,Automatic,191354,new,good,new,1694.58,0
Mazda CX-5,16.2,good,7,10,Diesel,Manual,174499,good,new,bad,1256.41,0
Mazda CX-5,11.2,poor,2,6,Electric,Manual,50507,new,good,good,1426.46,0
BMW 3 Series,28,poor,10,12,Petrol,Manual,195883,bad,new,bad,1986.65,0
Mazda CX-5,24.9,average,8,7,Diesel,Automatic,64450,good,bad,new,1699.86,0
Ford F-150,30.8,poor,8,15,Diesel,Manual,150791,good,new,new,1675.53,0
Toyota Corolla,18.3,good,9,14,Diesel,Manual,119790,good,bad,new,2325.2,1
Mazda CX-5,34.2,average,6,10,Electric,Automatic,129575,good,bad,bad,809.76,1
Nissan Altima,12,good,6,5,Diesel,Manual,122018,good,good,bad,2462.16,0
Toyota Corolla,34.2,average,3,15,Petrol,Manual,161007,bad,good,bad,2478.63,0
Hyundai Sonata,10.8,poor,4,6,Diesel,Automatic,111133,bad,new,good,1584.57,1
Ford F-150,17.6,average,0,3,Electric,Automatic,126505,bad,bad,bad,2207.26,0
Toyota Corolla,21.8,good,4,5,Electric,Manual,87308,new,new,bad,1876.38,1
Nissan Altima,14.7,average,3,6,Electric,Automatic,128281,bad,bad,good,1085.67,1
Volkswagen Jetta,15.6,poor,9,15,Diesel,Manual,26824,bad,new,bad,835.48,0
Mazda CX-5,13.1,average,6,10,Electric,Automatic,140646,good,bad,good,1300.81,1
Toyota Corolla,31.8,good,3,14,Diesel,Automatic,107280,bad,new,new,1315.89,1
BMW 3 Series,18.7,good,2,4,Petrol,Manual,53664,good,new,good,2037.57,1
Kia Optima,34.5,good,9,2,Petrol,Manual,189988,new,bad,good,1822.17,0
Hyundai Sonata,20,poor,8,11,Diesel,Automatic,58127,bad,new,good,2180.31,1
Volkswagen Jetta,17.5,good,9,8,Petrol,Manual,30425,good,bad,bad,1459.58,1
Nissan Altima,12.9,average,9,10,Electric,Automatic,167111,good,good,good,2220.53,1
Nissan Altima,15.8,average,0,14,Petrol,Manual,155791,bad,good,good,1137.26,0
Mazda CX-5,19.1,poor,6,14,Electric,Manual,156331,bad,bad,good,867.65,0
Toyota Corolla,27.8,poor,10,2,Electric,Manual,59952,good,good,good,1204.71,1
Chevrolet Malibu,15.7,average,10,1,Electric,Automatic,122807,bad,bad,good,1400.33,1
Volkswagen Jetta,12,good,9,9,Diesel,Manual,66386,bad,good,new,1230.22,0
Toyota Corolla,10.5,poor,2,5,Diesel,Automatic,172912,new,good,bad,2367.34,1
Mazda CX-5,29.7,good,2,6,Petrol,Automatic,118489,new,good,bad,1764.67,1
Toyota Corolla,28.1,good,3,2,Electric,Manual,74547,good,good,new,1836.07,0
Toyota Corolla,22.5,poor,10,12,Diesel,Manual,42779,good,good,bad,1916.82,1
Chevrolet Malibu,22.1,average,10,5,Petrol,Manual,188283,good,good,good,1010.93,1
Toyota Corolla,12.6,average,6,11,Petrol,Automatic,166086,new,new,bad,1233.1,0
Hyundai Sonata,21.2,poor,9,9,Electric,Automatic,182715,new,new,good,1393.67,0
Ford F-150,14.3,good,8,9,Diesel,Manual,157451,new,new,bad,2364.22,1
Toyota Corolla,31.5,good,9,10,Diesel,Automatic,99748,new,bad,good,1442.62,1
Honda Civic,27.2,average,8,10,Diesel,Manual,145699,good,new,bad,803.78,0
Kia Optima,27,average,9,11,Petrol,Manual,134560,good,bad,new,2178.31,1
Mazda CX-5,25.3,good,9,1,Diesel,Manual,59519,bad,new,bad,1073.33,0
Volkswagen Jetta,11.8,average,6,6,Petrol,Manual,170405,new,bad,good,926.31,0
Hyundai Sonata,22.2,good,9,6,Electric,Automatic,25392,new,bad,good,2138.2,1
Honda Civic,10.3,poor,8,8,Petrol,Automatic,162219,good,good,good,1552.56,1
Toyota Corolla,16.2,good,7,15,Petrol,Automatic,42373,new,good,new,2372.51,1
Kia Optima,27.8,good,8,9,Electric,Automatic,123369,good,new,bad,2196.91,1
Toyota Corolla,10.9,poor,5,6,Petrol,Manual,49155,bad,new,new,1178.36,1
Volkswagen Jetta,13.5,average,3,11,Diesel,Manual,196164,bad,bad,new,1118.22,0
Kia Optima,29,good,1,3,Diesel,Automatic,190260,new,bad,good,1102.69,1
Ford F-150,18.5,good,8,5,Petrol,Automatic,176101,new,good,bad,1122.17,1
Volkswagen Jetta,10.9,poor,2,7,Diesel,Manual,31394,bad,new,bad,1332.55,0
Hyundai Sonata,32.5,poor,10,10,Electric,Manual,90181,good,bad,new,2194.12,1
Honda Civic,17.9,poor,7,13,Petrol,Manual,69129,new,bad,new,1753.96,1
Toyota Corolla,16.7,poor,5,8,Electric,Manual,45007,good,good,new,1180.12,0
Toyota Corolla,27.6,average,1,12,Electric,Manual,27673,bad,bad,good,1583.76,1
Toyota Corolla,28.1,average,6,4,Diesel,Manual,137604,new,bad,good,1881.87,1
Hyundai Sonata,29.3,average,10,12,Diesel,Automatic,41570,new,new,new,1757.49,0
Mazda CX-5,22.5,good,1,3,Diesel,Automatic,175756,new,new,good,1599.54,1
Volkswagen Jetta,26.2,poor,4,10,Diesel,Automatic,166529,new,good,bad,1927.95,0
Honda Civic,16.4,good,6,8,Diesel,Manual,53058,bad,good,new,1542.66,1
Chevrolet Malibu,25.2,poor,0,12,Petrol,Automatic,195525,new,new,bad,1807.68,1
Hyundai Sonata,17.6,average,4,15,Petrol,Manual,98223,new,new,new,812.51,1
Toyota Corolla,25.9,average,0,14,Electric,Automatic,46751,good,good,good,1274.71,0
Hyundai Sonata,16.6,average,10,6,Petrol,Manual,194293,new,bad,bad,1517.83,0
Mazda CX-5,30,average,6,3,Electric,Manual,68850,bad,new,good,1291.97,1
Volkswagen Jetta,12.7,poor,1,9,Petrol,Automatic,20577,good,good,new,2346.37,0
Toyota Corolla,18.5,poor,0,1,Electric,Automatic,50845,new,new,new,2336.35,0
Toyota Corolla,15.3,good,9,4,Diesel,Automatic,135036,good,good,bad,1817.96,0
Honda Civic,34,poor,6,12,Diesel,Automatic,69026,bad,bad,bad,2057.53,1
Nissan Altima,16.4,average,2,14,Electric,Manual,155761,good,new,new,1348.03,0
Chevrolet Malibu,13.3,poor,8,11,Electric,Automatic,52462,new,bad,bad,1332.34,1
Kia Optima,19.4,average,2,13,Diesel,Manual,60612,good,good,bad,1656.64,1
Nissan Altima,25.5,good,9,13,Electric,Automatic,151822,bad,good,new,1531.69,1
Ford F-150,15.6,good,5,14,Electric,Manual,49040,new,good,good,1794.85,1
Nissan Altima,26.7,poor,1,10,Diesel,Automatic,136599,good,bad,new,2207.09,1
Mazda CX-5,12.7,average,4,5,Electric,Automatic,154894,bad,good,new,1447.61,0
BMW 3 Series,25.8,average,1,12,Electric,Manual,197382,bad,bad,new,1344.79,0
Honda Civic,29.8,average,2,15,Petrol,Manual,110492,new,new,new,800.27,0
Chevrolet Malibu,12.6,good,4,14,Petrol,Automatic,119169,good,bad,bad,2299.61,1
Toyota Corolla,18.5,poor,4,14,Electric,Manual,166369,good,new,new,1024.2,0
Kia Optima,16.2,poor,9,6,Diesel,Automatic,112825,bad,new,bad,2303.8,0
Hyundai Sonata,30.8,poor,10,2,Diesel,Manual,153641,new,bad,bad,2305.73,0
Ford F-150,14.4,average,9,14,Electric,Automatic,65791,new,bad,good,1107.58,1
Volkswagen Jetta,12.3,average,3,15,Electric,Automatic,89869,bad,good,good,2212.76,0
Mazda CX-5,13.9,good,5,10,Electric,Automatic,110933,bad,good,new,1362.4,0
BMW 3 Series,15.8,good,10,11,Petrol,Manual,188887,good,bad,good,2154.07,0
BMW 3 Series,32.7,poor,1,12,Electric,Automatic,94199,bad,good,good,2366.82,1
BMW 3 Series,33.9,good,0,4,Petrol,Automatic,69337,new,new,new,1803.01,1
Hyundai Sonata,20.6,average,3,12,Electric,Automatic,64089,good,bad,good,2469.73,0
Toyota Corolla,15.8,good,6,4,Electric,Manual,48829,good,bad,good,1762.83,0
Chevrolet Malibu,14.3,poor,3,3,Diesel,Manual,106704,new,good,new,1419.96,1
Ford F-150,21.2,good,2,1,Electric,Manual,24037,new,good,good,1171.9,0
Nissan Altima,10.1,average,1,4,Electric,Automatic,43484,bad,good,bad,2434.52,1
Honda Civic,28.3,average,3,10,Electric,Automatic,135679,good,good,bad,1002.01,1
Nissan Altima,24.4,good,0,2,Electric,Automatic,186687,new,new,bad,1152.82,0
Mazda CX-5,18.8,average,10,8,Petrol,Automatic,127398,good,bad,bad,1000.69,1
Toyota Corolla,23.4,good,3,4,Diesel,Manual,194331,bad,bad,good,1397.54,1
Mazda CX-5,25.2,average,9,10,Electric,Manual,44596,good,bad,good,1245.71,0
Chevrolet Malibu,16,average,9,15,Diesel,Automatic,80644,bad,new,good,1928.96,0
Toyota Corolla,21,average,1,12,Electric,Automatic,48153,good,new,new,1620.76,1
Ford F-150,20,good,7,4,Electric,Automatic,48385,good,new,new,1850.18,1
Honda Civic,12.6,good,5,6,Diesel,Manual,31311,new,bad,new,1436.67,0
Kia Optima,24.9,average,3,6,Petrol,Manual,69572,bad,bad,good,1090.51,0
BMW 3 Series,33.1,average,6,10,Diesel,Manual,131318,new,good,good,1980.59,1
Chevrolet Malibu,26.7,good,7,15,Petrol,Automatic,156373,good,new,good,1414.87,1
Kia Optima,28,good,10,12,Petrol,Automatic,120307,new,new,bad,825.34,1
Volkswagen Jetta,29,average,10,7,Diesel,Automatic,176193,good,new,bad,1164.04,0
Kia Optima,21.3,average,7,13,Electric,Manual,77648,good,bad,new,2029.2,1
Nissan Altima,16.7,average,6,7,Electric,Manual,107024,new,good,new,1479.94,1
Volkswagen Jetta,21.5,good,5,2,Diesel,Manual,66532,bad,good,good,2069.23,1
Volkswagen Jetta,19.3,average,2,2,Diesel,Manual,71278,good,new,new,1730.87,0
Nissan Altima,29.7,good,10,2,Petrol,Manual,90041,bad,bad,good,859.9,1
Mazda CX-5,32,average,9,5,Petrol,Manual,191749,new,new,bad,2391.33,1
Hyundai Sonata,10.3,poor,9,12,Electric,Automatic,65021,new,good,good,935.17,0
Mazda CX-5,26.7,good,7,3,Electric,Manual,22125,good,good,bad,1019.11,0
Hyundai Sonata,23.7,poor,10,12,Petrol,Automatic,198835,bad,good,bad,884.21,1
Mazda CX-5,24.3,good,10,14,Electric,Manual,27318,good,good,new,1852.51,0
Toyota Corolla,25.8,poor,10,6,Electric,Manual,146842,good,new,bad,951.32,0
BMW 3 Series,17.2,average,4,11,Petrol,Manual,52716,good,new,new,1294.28,0
